Location,Year,Variety,source,method,days_to_head,cumul_head
BosworthRue,2016,105,loc,tri,84,2048.54
BosworthRue,2017,105,loc,tri,76,2077.44
BosworthRue,2018,105,loc,tri,82,2136.44
BosworthRue,2019,105,loc,tri,82,2143.26
BosworthRue,2020,105,loc,tri,92,2108.23
BosworthRue,2021,105,loc,tri,92,2167.88
BosworthRue,2022,105,loc,tri,82,2000.79
BosworthRue,2023,105,loc,tri,79,1854.66
Canal,2017,105,loc,tri,79,1903.76
Canal,2018,105,loc,tri,82,1884.09
Canal,2019,105,loc,tri,86,1929.08
Canal,2020,105,loc,tri,83,2083.2
Canal,2021,105,loc,tri,93,2797.52
Canal,2023,105,loc,tri,73,1771.23
DelRio,2016,105,loc,tri,81,1611.56
DelRio,2021,105,loc,tri,105,2014.36
DelRio,2022,105,loc,tri,107,1998.1
DelRio,2023,105,loc,tri,108,1924.04
ErdmanGallagher,2016,105,loc,tri,85,1940.52
ErdmanGallagher,2017,105,loc,tri,79,1982.44
ErdmanGallagher,2018,105,loc,tri,79,1891.31
ErdmanGallagher,2019,105,loc,tri,87,2084.49
ErdmanGallagher,2020,105,loc,tri,88,2057.64
ErdmanGallagher,2021,105,loc,tri,88,2112.28
ErdmanGallagher,2023,105,loc,tri,86,1992.35
LarrabeeSheppard,2016,105,loc,tri,85,1977.82
LarrabeeSheppard,2017,105,loc,tri,76,2032.34
LarrabeeSheppard,2018,105,loc,tri,77,1969.46
LarrabeeSheppard,2019,105,loc,tri,89,2123.59
LarrabeeSheppard,2020,105,loc,tri,86,1951.85
LarrabeeSheppard,2021,105,loc,tri,83,2099.55
LarrabeeSheppard,2022,105,loc,tri,86,2114.59
LarrabeeSheppard,2023,105,loc,tri,80,1907.31
Lauppe,2016,105,loc,tri,86,1913.77
Lauppe,2017,105,loc,tri,75,1881.17
Lauppe,2018,105,loc,tri,80,1864.19
Lauppe,2019,105,loc,tri,84,1912.52
Lauppe,2020,105,loc,tri,81,1851
Lauppe,2021,105,loc,tri,87,1992.1
Lauppe,2022,105,loc,tri,89,1997.88
Lauppe,2023,105,loc,tri,84,1954.77
Rehmann,2017,105,loc,tri,87,2023.48
Rehmann,2018,105,loc,tri,88,1960.6
Rehmann,2019,105,loc,tri,97,2055.2
Rehmann,2021,105,loc,tri,89,2115.4
Schohr,2016,105,loc,tri,84,2012.9
Schohr,2017,105,loc,tri,78,2119.24
Schohr,2018,105,loc,tri,83,2100.24
Schohr,2019,105,loc,tri,84,2120.87
Schohr,2020,105,loc,tri,88,2026.37
Schohr,2021,105,loc,tri,88,2151.68
Schohr,2022,105,loc,tri,95,2069.75
Schohr,2023,105,loc,tri,83,1952.12
Wylie,2016,105,loc,tri,87,1971.23
Wylie,2017,105,loc,tri,74,1928.98
Wylie,2018,105,loc,tri,82,1956.29
Wylie,2019,105,loc,tri,90,2073.52
Wylie,2020,105,loc,tri,89,2008.09
Wylie,2021,105,loc,tri,86,2212.55
Wylie,2022,105,loc,tri,90,2208.07
Wylie,2023,105,loc,tri,80,1826.7
BosworthRue,2016,105,loc,sine,84,2044.99
BosworthRue,2017,105,loc,sine,76,2068.82
BosworthRue,2018,105,loc,sine,82,2128.91
BosworthRue,2019,105,loc,sine,82,2139.32
BosworthRue,2020,105,loc,sine,92,2106.34
BosworthRue,2021,105,loc,sine,92,2163.16
BosworthRue,2022,105,loc,sine,82,2000.4
BosworthRue,2023,105,loc,sine,79,1851.46
Canal,2017,105,loc,sine,79,1900.57
Canal,2018,105,loc,sine,82,1883.76
Canal,2019,105,loc,sine,86,1928.01
Canal,2020,105,loc,sine,83,2082.19
Canal,2021,105,loc,sine,93,2759.38
Canal,2023,105,loc,sine,73,1770.17
DelRio,2016,105,loc,sine,81,1611.59
DelRio,2021,105,loc,sine,105,2027.68
DelRio,2022,105,loc,sine,107,2013.67
DelRio,2023,105,loc,sine,108,1929.7
ErdmanGallagher,2016,105,loc,sine,85,1939.84
ErdmanGallagher,2017,105,loc,sine,79,1977.83
ErdmanGallagher,2018,105,loc,sine,79,1891.02
ErdmanGallagher,2019,105,loc,sine,87,2082.42
ErdmanGallagher,2020,105,loc,sine,88,2054.82
ErdmanGallagher,2021,105,loc,sine,88,2108.54
ErdmanGallagher,2023,105,loc,sine,86,1991.48
LarrabeeSheppard,2016,105,loc,sine,85,1977.33
LarrabeeSheppard,2017,105,loc,sine,76,2028.74
LarrabeeSheppard,2018,105,loc,sine,77,1965.68
LarrabeeSheppard,2019,105,loc,sine,89,2120.64
LarrabeeSheppard,2020,105,loc,sine,86,1951.56
LarrabeeSheppard,2021,105,loc,sine,83,2094.59
LarrabeeSheppard,2022,105,loc,sine,86,2114.47
LarrabeeSheppard,2023,105,loc,sine,80,1906.56
Lauppe,2016,105,loc,sine,86,1911.4
Lauppe,2017,105,loc,sine,75,1877.24
Lauppe,2018,105,loc,sine,80,1863.94
Lauppe,2019,105,loc,sine,84,1909.9
Lauppe,2020,105,loc,sine,81,1849.6
Lauppe,2021,105,loc,sine,87,1989.8
Lauppe,2022,105,loc,sine,89,1999.28
Lauppe,2023,105,loc,sine,84,1949.74
Rehmann,2017,105,loc,sine,87,2020.18
Rehmann,2018,105,loc,sine,88,1959.21
Rehmann,2019,105,loc,sine,97,2052.19
Rehmann,2021,105,loc,sine,89,2112.37
Schohr,2016,105,loc,sine,84,2011.41
Schohr,2017,105,loc,sine,78,2113.76
Schohr,2018,105,loc,sine,83,2093.33
Schohr,2019,105,loc,sine,84,2113.96
Schohr,2020,105,loc,sine,88,2025.5
Schohr,2021,105,loc,sine,88,2140.31
Schohr,2022,105,loc,sine,95,2072.73
Schohr,2023,105,loc,sine,83,1949.69
Wylie,2016,105,loc,sine,87,1971
Wylie,2017,105,loc,sine,74,1926.54
Wylie,2018,105,loc,sine,82,1956.29
Wylie,2019,105,loc,sine,90,2073.79
Wylie,2020,105,loc,sine,89,2008.08
Wylie,2021,105,loc,sine,86,2206.98
Wylie,2022,105,loc,sine,90,2207.03
Wylie,2023,105,loc,sine,80,1826.84
BosworthRue,2016,105,stat,tri,84,1869.15
BosworthRue,2017,105,stat,tri,76,1919.62
BosworthRue,2018,105,stat,tri,82,1967.14
BosworthRue,2019,105,stat,tri,82,2062.8
BosworthRue,2020,105,stat,tri,92,2012.71
BosworthRue,2021,105,stat,tri,92,2104.62
BosworthRue,2022,105,stat,tri,82,2085.47
BosworthRue,2023,105,stat,tri,79,1822.32
Canal,2017,105,stat,tri,79,1858.64
Canal,2018,105,stat,tri,82,1952.86
Canal,2019,105,stat,tri,86,1971
Canal,2020,105,stat,tri,83,2103.5
Canal,2021,105,stat,tri,93,2161.72
Canal,2023,105,stat,tri,73,1782.87
DelRio,2016,105,stat,tri,81,1502.39
DelRio,2021,105,stat,tri,105,2014.36
DelRio,2022,105,stat,tri,107,1998.1
DelRio,2023,105,stat,tri,108,1924.04
ErdmanGallagher,2016,105,stat,tri,85,2009.14
ErdmanGallagher,2017,105,stat,tri,79,1912.54
ErdmanGallagher,2018,105,stat,tri,79,1974.2
ErdmanGallagher,2019,105,stat,tri,87,2147.04
ErdmanGallagher,2020,105,stat,tri,88,2092.51
ErdmanGallagher,2021,105,stat,tri,88,2089.87
ErdmanGallagher,2023,105,stat,tri,86,1979.21
LarrabeeSheppard,2016,105,stat,tri,85,1878.45
LarrabeeSheppard,2017,105,stat,tri,76,1943.52
LarrabeeSheppard,2018,105,stat,tri,77,1898.74
LarrabeeSheppard,2019,105,stat,tri,89,1999.5
LarrabeeSheppard,2020,105,stat,tri,86,1867.32
LarrabeeSheppard,2021,105,stat,tri,83,2035.74
LarrabeeSheppard,2022,105,stat,tri,86,2117.9
LarrabeeSheppard,2023,105,stat,tri,80,1856.65
Lauppe,2016,105,stat,tri,86,1823.12
Lauppe,2017,105,stat,tri,75,1896.52
Lauppe,2018,105,stat,tri,80,1879.2
Lauppe,2019,105,stat,tri,84,1879.23
Lauppe,2020,105,stat,tri,81,1827.96
Lauppe,2021,105,stat,tri,87,2013.64
Lauppe,2022,105,stat,tri,89,2085.09
Lauppe,2023,105,stat,tri,84,1999.52
Rehmann,2017,105,stat,tri,87,2064.27
Rehmann,2018,105,stat,tri,88,2114.78
Rehmann,2019,105,stat,tri,97,2116.39
Rehmann,2021,105,stat,tri,89,2109.49
Schohr,2016,105,stat,tri,84,2140.2
Schohr,2017,105,stat,tri,78,2194.53
Schohr,2018,105,stat,tri,83,2333.63
Schohr,2019,105,stat,tri,84,1971.64
Schohr,2020,105,stat,tri,88,2081.26
Schohr,2021,105,stat,tri,88,2118.1
Schohr,2022,105,stat,tri,95,2133.39
Schohr,2023,105,stat,tri,83,1969.06
Wylie,2016,105,stat,tri,87,2136.54
Wylie,2017,105,stat,tri,74,1910.87
Wylie,2018,105,stat,tri,82,2021.8
Wylie,2019,105,stat,tri,90,2128.58
Wylie,2020,105,stat,tri,89,2117.83
Wylie,2021,105,stat,tri,86,2158.89
Wylie,2022,105,stat,tri,90,2368.35
Wylie,2023,105,stat,tri,80,1926.93
BosworthRue,2016,105,stat,sine,84,1861.4
BosworthRue,2017,105,stat,sine,76,1905.27
BosworthRue,2018,105,stat,sine,82,1959.63
BosworthRue,2019,105,stat,sine,82,2054.96
BosworthRue,2020,105,stat,sine,92,2011.21
BosworthRue,2021,105,stat,sine,92,2096.47
BosworthRue,2022,105,stat,sine,82,2070.95
BosworthRue,2023,105,stat,sine,79,1812.59
Canal,2017,105,stat,sine,79,1854.01
Canal,2018,105,stat,sine,82,1950.8
Canal,2019,105,stat,sine,86,1967.73
Canal,2020,105,stat,sine,83,2097.75
Canal,2021,105,stat,sine,93,2156.56
Canal,2023,105,stat,sine,73,1775.71
DelRio,2016,105,stat,sine,81,1506.72
DelRio,2021,105,stat,sine,105,2027.68
DelRio,2022,105,stat,sine,107,2013.67
DelRio,2023,105,stat,sine,108,1929.7
ErdmanGallagher,2016,105,stat,sine,85,1998.96
ErdmanGallagher,2017,105,stat,sine,79,1899.82
ErdmanGallagher,2018,105,stat,sine,79,1964.3
ErdmanGallagher,2019,105,stat,sine,87,2139.36
ErdmanGallagher,2020,105,stat,sine,88,2085.5
ErdmanGallagher,2021,105,stat,sine,88,2078.03
ErdmanGallagher,2023,105,stat,sine,86,1968.77
LarrabeeSheppard,2016,105,stat,sine,85,1876.32
LarrabeeSheppard,2017,105,stat,sine,76,1936.71
LarrabeeSheppard,2018,105,stat,sine,77,1894.38
LarrabeeSheppard,2019,105,stat,sine,89,2000.17
LarrabeeSheppard,2020,105,stat,sine,86,1868.46
LarrabeeSheppard,2021,105,stat,sine,83,2028.12
LarrabeeSheppard,2022,105,stat,sine,86,2113.79
LarrabeeSheppard,2023,105,stat,sine,80,1853.92
Lauppe,2016,105,stat,sine,86,1815.89
Lauppe,2017,105,stat,sine,75,1882.16
Lauppe,2018,105,stat,sine,80,1872.57
Lauppe,2019,105,stat,sine,84,1875.7
Lauppe,2020,105,stat,sine,81,1823.96
Lauppe,2021,105,stat,sine,87,2004.99
Lauppe,2022,105,stat,sine,89,2077.42
Lauppe,2023,105,stat,sine,84,1986.69
Rehmann,2017,105,stat,sine,87,2055.68
Rehmann,2018,105,stat,sine,88,2109.13
Rehmann,2019,105,stat,sine,97,2112.17
Rehmann,2021,105,stat,sine,89,2101.07
Schohr,2016,105,stat,sine,84,2128.12
Schohr,2017,105,stat,sine,78,2153.99
Schohr,2018,105,stat,sine,83,2306.09
Schohr,2019,105,stat,sine,84,1969.64
Schohr,2020,105,stat,sine,88,2076.39
Schohr,2021,105,stat,sine,88,2107.61
Schohr,2022,105,stat,sine,95,2132.82
Schohr,2023,105,stat,sine,83,1963.11
Wylie,2016,105,stat,sine,87,2125.12
Wylie,2017,105,stat,sine,74,1902.93
Wylie,2018,105,stat,sine,82,2018.69
Wylie,2019,105,stat,sine,90,2124.97
Wylie,2020,105,stat,sine,89,2112.63
Wylie,2021,105,stat,sine,86,2147.8
Wylie,2022,105,stat,sine,90,2344.48
Wylie,2023,105,stat,sine,80,1919.8
BosworthRue,2016,105,prism,tri,84,2127.18
BosworthRue,2017,105,prism,tri,76,2126.56
BosworthRue,2018,105,prism,tri,82,2171.61
BosworthRue,2019,105,prism,tri,82,2221.48
BosworthRue,2020,105,prism,tri,92,2205.39
BosworthRue,2021,105,prism,tri,92,2316.94
BosworthRue,2022,105,prism,tri,82,2200.72
BosworthRue,2023,105,prism,tri,79,1946.71
Canal,2017,105,prism,tri,79,1964.05
Canal,2018,105,prism,tri,82,1966.28
Canal,2019,105,prism,tri,86,1953.16
Canal,2020,105,prism,tri,83,2132.76
Canal,2021,105,prism,tri,93,2166.13
Canal,2023,105,prism,tri,73,1750.58
DelRio,2016,105,prism,tri,81,1687.19
DelRio,2021,105,prism,tri,105,2189.82
DelRio,2022,105,prism,tri,107,2177.94
DelRio,2023,105,prism,tri,108,2121.47
ErdmanGallagher,2016,105,prism,tri,85,2092.91
ErdmanGallagher,2017,105,prism,tri,79,2055.96
ErdmanGallagher,2018,105,prism,tri,79,1987.65
ErdmanGallagher,2019,105,prism,tri,87,2129.49
ErdmanGallagher,2020,105,prism,tri,88,2125.05
ErdmanGallagher,2021,105,prism,tri,88,2091.37
ErdmanGallagher,2023,105,prism,tri,86,1892.81
LarrabeeSheppard,2016,105,prism,tri,85,2061.45
LarrabeeSheppard,2017,105,prism,tri,76,2092.32
LarrabeeSheppard,2018,105,prism,tri,77,2089.96
LarrabeeSheppard,2019,105,prism,tri,89,2092.15
LarrabeeSheppard,2020,105,prism,tri,86,2003.4
LarrabeeSheppard,2021,105,prism,tri,83,2138.18
LarrabeeSheppard,2022,105,prism,tri,86,2222.99
LarrabeeSheppard,2023,105,prism,tri,80,1926.89
Lauppe,2016,105,prism,tri,86,1891.31
Lauppe,2017,105,prism,tri,75,1932.86
Lauppe,2018,105,prism,tri,80,1911.8
Lauppe,2019,105,prism,tri,84,1881.85
Lauppe,2020,105,prism,tri,81,1884.85
Lauppe,2021,105,prism,tri,87,2074.9
Lauppe,2022,105,prism,tri,89,2106.83
Lauppe,2023,105,prism,tri,84,1992.65
Rehmann,2017,105,prism,tri,87,2115
Rehmann,2018,105,prism,tri,88,2063.67
Rehmann,2019,105,prism,tri,97,2140.77
Rehmann,2021,105,prism,tri,89,2135.89
Schohr,2016,105,prism,tri,84,2097.07
Schohr,2017,105,prism,tri,78,2240.07
Schohr,2018,105,prism,tri,83,2290.05
Schohr,2019,105,prism,tri,84,1934.43
Schohr,2020,105,prism,tri,88,2033
Schohr,2021,105,prism,tri,88,2142.53
Schohr,2022,105,prism,tri,95,2108.8
Schohr,2023,105,prism,tri,83,1941.39
Wylie,2016,105,prism,tri,87,2102.22
Wylie,2017,105,prism,tri,74,2065.2
Wylie,2018,105,prism,tri,82,2096.05
Wylie,2019,105,prism,tri,90,2197.43
Wylie,2020,105,prism,tri,89,2158.77
Wylie,2021,105,prism,tri,86,2265.01
Wylie,2022,105,prism,tri,90,2414.04
Wylie,2023,105,prism,tri,80,2030.43
BosworthRue,2016,105,prism,sine,84,2113.41
BosworthRue,2017,105,prism,sine,76,2107.01
BosworthRue,2018,105,prism,sine,82,2157.43
BosworthRue,2019,105,prism,sine,82,2212.13
BosworthRue,2020,105,prism,sine,92,2195.35
BosworthRue,2021,105,prism,sine,92,2299.92
BosworthRue,2022,105,prism,sine,82,2182.37
BosworthRue,2023,105,prism,sine,79,1934.37
Canal,2017,105,prism,sine,79,1954.61
Canal,2018,105,prism,sine,82,1961.27
Canal,2019,105,prism,sine,86,1950.87
Canal,2020,105,prism,sine,83,2127.78
Canal,2021,105,prism,sine,93,2160.31
Canal,2023,105,prism,sine,73,1745.43
DelRio,2016,105,prism,sine,81,1683.04
DelRio,2021,105,prism,sine,105,2190.42
DelRio,2022,105,prism,sine,107,2182.78
DelRio,2023,105,prism,sine,108,2119.04
ErdmanGallagher,2016,105,prism,sine,85,2080.62
ErdmanGallagher,2017,105,prism,sine,79,2040.13
ErdmanGallagher,2018,105,prism,sine,79,1977.24
ErdmanGallagher,2019,105,prism,sine,87,2123.88
ErdmanGallagher,2020,105,prism,sine,88,2115.91
ErdmanGallagher,2021,105,prism,sine,88,2081.54
ErdmanGallagher,2023,105,prism,sine,86,1885.08
LarrabeeSheppard,2016,105,prism,sine,85,2053.13
LarrabeeSheppard,2017,105,prism,sine,76,2078.5
LarrabeeSheppard,2018,105,prism,sine,77,2076.86
LarrabeeSheppard,2019,105,prism,sine,89,2090.46
LarrabeeSheppard,2020,105,prism,sine,86,2000.28
LarrabeeSheppard,2021,105,prism,sine,83,2127.29
LarrabeeSheppard,2022,105,prism,sine,86,2215.06
LarrabeeSheppard,2023,105,prism,sine,80,1921.65
Lauppe,2016,105,prism,sine,86,1884.49
Lauppe,2017,105,prism,sine,75,1919.91
Lauppe,2018,105,prism,sine,80,1905.68
Lauppe,2019,105,prism,sine,84,1879.18
Lauppe,2020,105,prism,sine,81,1878.62
Lauppe,2021,105,prism,sine,87,2064.42
Lauppe,2022,105,prism,sine,89,2099
Lauppe,2023,105,prism,sine,84,1981.07
Rehmann,2017,105,prism,sine,87,2105.63
Rehmann,2018,105,prism,sine,88,2059.99
Rehmann,2019,105,prism,sine,97,2136.7
Rehmann,2021,105,prism,sine,89,2128.85
Schohr,2016,105,prism,sine,84,2089.58
Schohr,2017,105,prism,sine,78,2222.55
Schohr,2018,105,prism,sine,83,2274.35
Schohr,2019,105,prism,sine,84,1933.54
Schohr,2020,105,prism,sine,88,2030.21
Schohr,2021,105,prism,sine,88,2133.93
Schohr,2022,105,prism,sine,95,2109.09
Schohr,2023,105,prism,sine,83,1937.11
Wylie,2016,105,prism,sine,87,2090.14
Wylie,2017,105,prism,sine,74,2047.25
Wylie,2018,105,prism,sine,82,2083.31
Wylie,2019,105,prism,sine,90,2192.19
Wylie,2020,105,prism,sine,89,2150.45
Wylie,2021,105,prism,sine,86,2245.13
Wylie,2022,105,prism,sine,90,2390.77
Wylie,2023,105,prism,sine,80,2020.58
BosworthRue,2016,206,loc,tri,86,2097.59
BosworthRue,2017,206,loc,tri,77,2104.63
BosworthRue,2018,206,loc,tri,83,2160.61
BosworthRue,2019,206,loc,tri,84,2202.87
BosworthRue,2020,206,loc,tri,95,2185.44
BosworthRue,2021,206,loc,tri,93,2195.77
BosworthRue,2022,206,loc,tri,85,2077.36
BosworthRue,2023,206,loc,tri,80,1881.86
Canal,2017,206,loc,tri,82,1991.99
Canal,2018,206,loc,tri,84,1946.89
Canal,2019,206,loc,tri,90,2027.75
Canal,2020,206,loc,tri,84,2106.98
Canal,2021,206,loc,tri,95,2843.94
Canal,2023,206,loc,tri,74,1793.92
DelRio,2016,206,loc,tri,82,1637.72
DelRio,2021,206,loc,tri,111,2144.16
DelRio,2022,206,loc,tri,111,2088.35
DelRio,2023,206,loc,tri,109,1955.19
ErdmanGallagher,2016,206,loc,tri,89,2024.38
ErdmanGallagher,2017,206,loc,tri,82,2061.12
ErdmanGallagher,2018,206,loc,tri,83,1987.37
ErdmanGallagher,2019,206,loc,tri,88,2115.21
ErdmanGallagher,2020,206,loc,tri,89,2083.75
ErdmanGallagher,2021,206,loc,tri,90,2161.74
ErdmanGallagher,2023,206,loc,tri,87,2021.4
LarrabeeSheppard,2016,206,loc,tri,87,2024.22
LarrabeeSheppard,2017,206,loc,tri,78,2096.68
LarrabeeSheppard,2018,206,loc,tri,80,2038.51
LarrabeeSheppard,2019,206,loc,tri,89,2123.59
LarrabeeSheppard,2020,206,loc,tri,87,1976.09
LarrabeeSheppard,2021,206,loc,tri,85,2145.53
LarrabeeSheppard,2022,206,loc,tri,90,2226.06
LarrabeeSheppard,2023,206,loc,tri,82,1952.13
Lauppe,2016,206,loc,tri,88,1971.86
Lauppe,2017,206,loc,tri,79,1972.44
Lauppe,2018,206,loc,tri,84,1963.2
Lauppe,2019,206,loc,tri,87,1978.75
Lauppe,2020,206,loc,tri,83,1901.83
Lauppe,2021,206,loc,tri,89,2040.98
Lauppe,2022,206,loc,tri,91,2050.44
Lauppe,2023,206,loc,tri,87,2028.52
Rehmann,2017,206,loc,tri,92,2135.97
Rehmann,2018,206,loc,tri,96,2111.35
Rehmann,2019,206,loc,tri,100,2134.43
Rehmann,2021,206,loc,tri,90,2134.04
Schohr,2016,206,loc,tri,85,2037.09
Schohr,2017,206,loc,tri,80,2168.59
Schohr,2018,206,loc,tri,84,2126.45
Schohr,2019,206,loc,tri,84,2120.87
Schohr,2020,206,loc,tri,90,2079.12
Schohr,2021,206,loc,tri,91,2240.41
Schohr,2022,206,loc,tri,97,2120.84
Schohr,2023,206,loc,tri,84,1974.7
Wylie,2016,206,loc,tri,90,2054.27
Wylie,2017,206,loc,tri,75,1960.82
Wylie,2018,206,loc,tri,83,1982.33
Wylie,2019,206,loc,tri,93,2153.6
Wylie,2020,206,loc,tri,90,2031.85
Wylie,2021,206,loc,tri,87,2240.88
Wylie,2022,206,loc,tri,92,2253.82
Wylie,2023,206,loc,tri,83,1899.19
BosworthRue,2016,206,loc,sine,86,2094.04
BosworthRue,2017,206,loc,sine,77,2096.01
BosworthRue,2018,206,loc,sine,83,2153.08
BosworthRue,2019,206,loc,sine,84,2198.92
BosworthRue,2020,206,loc,sine,95,2183.55
BosworthRue,2021,206,loc,sine,93,2191.05
BosworthRue,2022,206,loc,sine,85,2076.87
BosworthRue,2023,206,loc,sine,80,1878.66
Canal,2017,206,loc,sine,82,1988.79
Canal,2018,206,loc,sine,84,1945.94
Canal,2019,206,loc,sine,90,2026.68
Canal,2020,206,loc,sine,84,2105.97
Canal,2021,206,loc,sine,95,2805.8
Canal,2023,206,loc,sine,74,1792.86
DelRio,2016,206,loc,sine,82,1637.75
DelRio,2021,206,loc,sine,111,2157.61
DelRio,2022,206,loc,sine,111,2103.92
DelRio,2023,206,loc,sine,109,1960.48
ErdmanGallagher,2016,206,loc,sine,89,2023.7
ErdmanGallagher,2017,206,loc,sine,82,2056.51
ErdmanGallagher,2018,206,loc,sine,83,1987.08
ErdmanGallagher,2019,206,loc,sine,88,2113.14
ErdmanGallagher,2020,206,loc,sine,89,2080.93
ErdmanGallagher,2021,206,loc,sine,90,2158
ErdmanGallagher,2023,206,loc,sine,87,2020.53
LarrabeeSheppard,2016,206,loc,sine,87,2023.73
LarrabeeSheppard,2017,206,loc,sine,78,2092.93
LarrabeeSheppard,2018,206,loc,sine,80,2034.73
LarrabeeSheppard,2019,206,loc,sine,89,2120.64
LarrabeeSheppard,2020,206,loc,sine,87,1975.8
LarrabeeSheppard,2021,206,loc,sine,85,2140.57
LarrabeeSheppard,2022,206,loc,sine,90,2225.78
LarrabeeSheppard,2023,206,loc,sine,82,1951.38
Lauppe,2016,206,loc,sine,88,1969.41
Lauppe,2017,206,loc,sine,79,1968.51
Lauppe,2018,206,loc,sine,84,1962.95
Lauppe,2019,206,loc,sine,87,1976.13
Lauppe,2020,206,loc,sine,83,1900.43
Lauppe,2021,206,loc,sine,89,2038.68
Lauppe,2022,206,loc,sine,91,2051.84
Lauppe,2023,206,loc,sine,87,2023.49
Rehmann,2017,206,loc,sine,92,2132.67
Rehmann,2018,206,loc,sine,96,2109.95
Rehmann,2019,206,loc,sine,100,2131.42
Rehmann,2021,206,loc,sine,90,2131.01
Schohr,2016,206,loc,sine,85,2035.6
Schohr,2017,206,loc,sine,80,2163.11
Schohr,2018,206,loc,sine,84,2119.54
Schohr,2019,206,loc,sine,84,2113.96
Schohr,2020,206,loc,sine,90,2078.25
Schohr,2021,206,loc,sine,91,2227.51
Schohr,2022,206,loc,sine,97,2123.82
Schohr,2023,206,loc,sine,84,1972.27
Wylie,2016,206,loc,sine,90,2054.04
Wylie,2017,206,loc,sine,75,1958.38
Wylie,2018,206,loc,sine,83,1982.33
Wylie,2019,206,loc,sine,93,2153.81
Wylie,2020,206,loc,sine,90,2031.84
Wylie,2021,206,loc,sine,87,2235.31
Wylie,2022,206,loc,sine,92,2252.78
Wylie,2023,206,loc,sine,83,1899.01
BosworthRue,2016,206,stat,tri,86,1916.89
BosworthRue,2017,206,stat,tri,77,1946.17
BosworthRue,2018,206,stat,tri,83,1990.74
BosworthRue,2019,206,stat,tri,84,2122.5
BosworthRue,2020,206,stat,tri,95,2084.81
BosworthRue,2021,206,stat,tri,93,2132.66
BosworthRue,2022,206,stat,tri,85,2168.58
BosworthRue,2023,206,stat,tri,80,1848.47
Canal,2017,206,stat,tri,82,1948.2
Canal,2018,206,stat,tri,84,2015.13
Canal,2019,206,stat,tri,90,2065.4
Canal,2020,206,stat,tri,84,2103.5
Canal,2021,206,stat,tri,95,2219.43
Canal,2023,206,stat,tri,74,1805.92
DelRio,2016,206,stat,tri,82,1533.6
DelRio,2021,206,stat,tri,111,2144.16
DelRio,2022,206,stat,tri,111,2088.35
DelRio,2023,206,stat,tri,109,1955.19
ErdmanGallagher,2016,206,stat,tri,89,2098.93
ErdmanGallagher,2017,206,stat,tri,82,1998.09
ErdmanGallagher,2018,206,stat,tri,83,2080.9
ErdmanGallagher,2019,206,stat,tri,88,2180.87
ErdmanGallagher,2020,206,stat,tri,89,2120.76
ErdmanGallagher,2021,206,stat,tri,90,2144.64
ErdmanGallagher,2023,206,stat,tri,87,2010.19
LarrabeeSheppard,2016,206,stat,tri,87,1925.35
LarrabeeSheppard,2017,206,stat,tri,78,2008.32
LarrabeeSheppard,2018,206,stat,tri,80,1967.14
LarrabeeSheppard,2019,206,stat,tri,89,1999.5
LarrabeeSheppard,2020,206,stat,tri,87,1891.02
LarrabeeSheppard,2021,206,stat,tri,85,2091.99
LarrabeeSheppard,2022,206,stat,tri,90,2237.3
LarrabeeSheppard,2023,206,stat,tri,82,1903.45
Lauppe,2016,206,stat,tri,88,1878.63
Lauppe,2017,206,stat,tri,79,1996.52
Lauppe,2018,206,stat,tri,84,1980.5
Lauppe,2019,206,stat,tri,87,1945.48
Lauppe,2020,206,stat,tri,83,1877.56
Lauppe,2021,206,stat,tri,89,2063.05
Lauppe,2022,206,stat,tri,91,2144.57
Lauppe,2023,206,stat,tri,87,2078.52
Rehmann,2017,206,stat,tri,92,2188.52
Rehmann,2018,206,stat,tri,96,2274.86
Rehmann,2019,206,stat,tri,100,2197.34
Rehmann,2021,206,stat,tri,90,2128.89
Schohr,2016,206,stat,tri,85,2166.85
Schohr,2017,206,stat,tri,80,2252.78
Schohr,2018,206,stat,tri,84,2364
Schohr,2019,206,stat,tri,84,1971.64
Schohr,2020,206,stat,tri,90,2136.86
Schohr,2021,206,stat,tri,91,2206.83
Schohr,2022,206,stat,tri,97,2188.54
Schohr,2023,206,stat,tri,84,1991.76
Wylie,2016,206,stat,tri,90,2228.5
Wylie,2017,206,stat,tri,75,1943.91
Wylie,2018,206,stat,tri,83,2046.5
Wylie,2019,206,stat,tri,93,2213.44
Wylie,2020,206,stat,tri,90,2142.23
Wylie,2021,206,stat,tri,87,2186.84
Wylie,2022,206,stat,tri,92,2422.96
Wylie,2023,206,stat,tri,83,2003.62
BosworthRue,2016,206,stat,sine,86,1909.1
BosworthRue,2017,206,stat,sine,77,1931.8
BosworthRue,2018,206,stat,sine,83,1983.23
BosworthRue,2019,206,stat,sine,84,2113.71
BosworthRue,2020,206,stat,sine,95,2083.31
BosworthRue,2021,206,stat,sine,93,2124.45
BosworthRue,2022,206,stat,sine,85,2151.7
BosworthRue,2023,206,stat,sine,80,1838.74
Canal,2017,206,stat,sine,82,1943.13
Canal,2018,206,stat,sine,84,2012.3
Canal,2019,206,stat,sine,90,2062.13
Canal,2020,206,stat,sine,84,2097.75
Canal,2021,206,stat,sine,95,2214.15
Canal,2023,206,stat,sine,74,1798.76
DelRio,2016,206,stat,sine,82,1537.4
DelRio,2021,206,stat,sine,111,2157.61
DelRio,2022,206,stat,sine,111,2103.92
DelRio,2023,206,stat,sine,109,1960.48
ErdmanGallagher,2016,206,stat,sine,89,2088.69
ErdmanGallagher,2017,206,stat,sine,82,1985.37
ErdmanGallagher,2018,206,stat,sine,83,2070.55
ErdmanGallagher,2019,206,stat,sine,88,2172.58
ErdmanGallagher,2020,206,stat,sine,89,2113.75
ErdmanGallagher,2021,206,stat,sine,90,2132.08
ErdmanGallagher,2023,206,stat,sine,87,1999.52
LarrabeeSheppard,2016,206,stat,sine,87,1923.22
LarrabeeSheppard,2017,206,stat,sine,78,2000.94
LarrabeeSheppard,2018,206,stat,sine,80,1962.78
LarrabeeSheppard,2019,206,stat,sine,89,2000.17
LarrabeeSheppard,2020,206,stat,sine,87,1892.16
LarrabeeSheppard,2021,206,stat,sine,85,2084.34
LarrabeeSheppard,2022,206,stat,sine,90,2231.82
LarrabeeSheppard,2023,206,stat,sine,82,1900.72
Lauppe,2016,206,stat,sine,88,1871.26
Lauppe,2017,206,stat,sine,79,1982.14
Lauppe,2018,206,stat,sine,84,1973.14
Lauppe,2019,206,stat,sine,87,1941.95
Lauppe,2020,206,stat,sine,83,1873.56
Lauppe,2021,206,stat,sine,89,2054.12
Lauppe,2022,206,stat,sine,91,2136.41
Lauppe,2023,206,stat,sine,87,2065.69
Rehmann,2017,206,stat,sine,92,2179.93
Rehmann,2018,206,stat,sine,96,2268.96
Rehmann,2019,206,stat,sine,100,2193.06
Rehmann,2021,206,stat,sine,90,2120.47
Schohr,2016,206,stat,sine,85,2154.77
Schohr,2017,206,stat,sine,80,2211.43
Schohr,2018,206,stat,sine,84,2336.1
Schohr,2019,206,stat,sine,84,1969.64
Schohr,2020,206,stat,sine,90,2131.99
Schohr,2021,206,stat,sine,91,2194.81
Schohr,2022,206,stat,sine,97,2187.97
Schohr,2023,206,stat,sine,84,1985.81
Wylie,2016,206,stat,sine,90,2216.42
Wylie,2017,206,stat,sine,75,1935.7
Wylie,2018,206,stat,sine,83,2043.39
Wylie,2019,206,stat,sine,93,2209.51
Wylie,2020,206,stat,sine,90,2137.03
Wylie,2021,206,stat,sine,87,2175.75
Wylie,2022,206,stat,sine,92,2398.46
Wylie,2023,206,stat,sine,83,1996.46
BosworthRue,2016,206,prism,tri,86,2179.14
BosworthRue,2017,206,prism,tri,77,2153.59
BosworthRue,2018,206,prism,tri,83,2200.42
BosworthRue,2019,206,prism,tri,84,2284.88
BosworthRue,2020,206,prism,tri,95,2289.03
BosworthRue,2021,206,prism,tri,93,2348.05
BosworthRue,2022,206,prism,tri,85,2286.43
BosworthRue,2023,206,prism,tri,80,1972.82
Canal,2017,206,prism,tri,82,2056.38
Canal,2018,206,prism,tri,84,2032.75
Canal,2019,206,prism,tri,90,2060.98
Canal,2020,206,prism,tri,84,2164.63
Canal,2021,206,prism,tri,95,2225.68
Canal,2023,206,prism,tri,74,1780.59
DelRio,2016,206,prism,tri,82,1713.95
DelRio,2021,206,prism,tri,111,2342.82
DelRio,2022,206,prism,tri,111,2275.91
DelRio,2023,206,prism,tri,109,2153.4
ErdmanGallagher,2016,206,prism,tri,89,2183.34
ErdmanGallagher,2017,206,prism,tri,82,2151.52
ErdmanGallagher,2018,206,prism,tri,83,2091.3
ErdmanGallagher,2019,206,prism,tri,88,2164.06
ErdmanGallagher,2020,206,prism,tri,89,2150.83
ErdmanGallagher,2021,206,prism,tri,90,2144.99
ErdmanGallagher,2023,206,prism,tri,87,1919.39
LarrabeeSheppard,2016,206,prism,tri,87,2121.05
LarrabeeSheppard,2017,206,prism,tri,78,2161.68
LarrabeeSheppard,2018,206,prism,tri,80,2171.75
LarrabeeSheppard,2019,206,prism,tri,89,2092.15
LarrabeeSheppard,2020,206,prism,tri,87,2028.62
LarrabeeSheppard,2021,206,prism,tri,85,2194.43
LarrabeeSheppard,2022,206,prism,tri,90,2346.77
LarrabeeSheppard,2023,206,prism,tri,82,1981.17
Lauppe,2016,206,prism,tri,88,1954.91
Lauppe,2017,206,prism,tri,79,2035.27
Lauppe,2018,206,prism,tri,84,2016.13
Lauppe,2019,206,prism,tri,87,1952.27
Lauppe,2020,206,prism,tri,83,1937.26
Lauppe,2021,206,prism,tri,89,2129.71
Lauppe,2022,206,prism,tri,91,2172.48
Lauppe,2023,206,prism,tri,87,2080.27
Rehmann,2017,206,prism,tri,92,2233.66
Rehmann,2018,206,prism,tri,96,2235.36
Rehmann,2019,206,prism,tri,100,2218.74
Rehmann,2021,206,prism,tri,90,2154.73
Schohr,2016,206,prism,tri,85,2122.24
Schohr,2017,206,prism,tri,80,2296.75
Schohr,2018,206,prism,tri,84,2312.82
Schohr,2019,206,prism,tri,84,1934.43
Schohr,2020,206,prism,tri,90,2090.74
Schohr,2021,206,prism,tri,91,2221.57
Schohr,2022,206,prism,tri,97,2168.35
Schohr,2023,206,prism,tri,84,1965.58
Wylie,2016,206,prism,tri,90,2204.1
Wylie,2017,206,prism,tri,75,2100.66
Wylie,2018,206,prism,tri,83,2127.53
Wylie,2019,206,prism,tri,93,2280
Wylie,2020,206,prism,tri,90,2188.31
Wylie,2021,206,prism,tri,87,2299.98
Wylie,2022,206,prism,tri,92,2467.71
Wylie,2023,206,prism,tri,83,2124.08
BosworthRue,2016,206,prism,sine,86,2165.37
BosworthRue,2017,206,prism,sine,77,2134.04
BosworthRue,2018,206,prism,sine,83,2186.24
BosworthRue,2019,206,prism,sine,84,2274.94
BosworthRue,2020,206,prism,sine,95,2278.67
BosworthRue,2021,206,prism,sine,93,2330.9
BosworthRue,2022,206,prism,sine,85,2266.85
BosworthRue,2023,206,prism,sine,80,1960.48
Canal,2017,206,prism,sine,82,2046.33
Canal,2018,206,prism,sine,84,2026.55
Canal,2019,206,prism,sine,90,2058.17
Canal,2020,206,prism,sine,84,2159.36
Canal,2021,206,prism,sine,95,2219.26
Canal,2023,206,prism,sine,74,1775.34
DelRio,2016,206,prism,sine,82,1709.67
DelRio,2021,206,prism,sine,111,2343.03
DelRio,2022,206,prism,sine,111,2280.75
DelRio,2023,206,prism,sine,109,2150.69
ErdmanGallagher,2016,206,prism,sine,89,2171.05
ErdmanGallagher,2017,206,prism,sine,82,2135.12
ErdmanGallagher,2018,206,prism,sine,83,2080.89
ErdmanGallagher,2019,206,prism,sine,88,2157.61
ErdmanGallagher,2020,206,prism,sine,89,2141.69
ErdmanGallagher,2021,206,prism,sine,90,2134.8
ErdmanGallagher,2023,206,prism,sine,87,1911.66
LarrabeeSheppard,2016,206,prism,sine,87,2112.45
LarrabeeSheppard,2017,206,prism,sine,78,2146.63
LarrabeeSheppard,2018,206,prism,sine,80,2158.65
LarrabeeSheppard,2019,206,prism,sine,89,2090.46
LarrabeeSheppard,2020,206,prism,sine,87,2025.5
LarrabeeSheppard,2021,206,prism,sine,85,2183.22
LarrabeeSheppard,2022,206,prism,sine,90,2337
LarrabeeSheppard,2023,206,prism,sine,82,1975.84
Lauppe,2016,206,prism,sine,88,1947.14
Lauppe,2017,206,prism,sine,79,2022.32
Lauppe,2018,206,prism,sine,84,2009.7
Lauppe,2019,206,prism,sine,87,1949.6
Lauppe,2020,206,prism,sine,83,1931.03
Lauppe,2021,206,prism,sine,89,2119.18
Lauppe,2022,206,prism,sine,91,2163.59
Lauppe,2023,206,prism,sine,87,2068.03
Rehmann,2017,206,prism,sine,92,2224.29
Rehmann,2018,206,prism,sine,96,2231.35
Rehmann,2019,206,prism,sine,100,2214.58
Rehmann,2021,206,prism,sine,90,2147.69
Schohr,2016,206,prism,sine,85,2114.75
Schohr,2017,206,prism,sine,80,2279.23
Schohr,2018,206,prism,sine,84,2297.12
Schohr,2019,206,prism,sine,84,1933.54
Schohr,2020,206,prism,sine,90,2087.95
Schohr,2021,206,prism,sine,91,2212.25
Schohr,2022,206,prism,sine,97,2168.47
Schohr,2023,206,prism,sine,84,1961.3
Wylie,2016,206,prism,sine,90,2189.74
Wylie,2017,206,prism,sine,75,2081.94
Wylie,2018,206,prism,sine,83,2114.66
Wylie,2019,206,prism,sine,93,2274.55
Wylie,2020,206,prism,sine,90,2179.62
Wylie,2021,206,prism,sine,87,2279.32
Wylie,2022,206,prism,sine,92,2444.33
Wylie,2023,206,prism,sine,83,2113.08
BosworthRue,2016,209,loc,tri,92,2260.85
BosworthRue,2017,209,loc,tri,84,2281.45
BosworthRue,2018,209,loc,tri,91,2349.11
BosworthRue,2019,209,loc,tri,90,2356.86
BosworthRue,2020,209,loc,tri,100,2300.96
BosworthRue,2021,209,loc,tri,99,2338.84
BosworthRue,2022,209,loc,tri,88,2159.88
BosworthRue,2023,209,loc,tri,85,2037.48
Canal,2017,209,loc,tri,89,2194.74
Canal,2018,209,loc,tri,89,2083.08
Canal,2019,209,loc,tri,99,2266.44
Canal,2020,209,loc,tri,92,2341.86
Canal,2021,209,loc,tri,101,2989.42
Canal,2023,209,loc,tri,78,1888.14
DelRio,2016,209,loc,tri,88,1784.88
DelRio,2021,209,loc,tri,115,2231.86
DelRio,2022,209,loc,tri,122,2352.86
DelRio,2023,209,loc,tri,114,2096.42
ErdmanGallagher,2016,209,loc,tri,94,2144.39
ErdmanGallagher,2017,209,loc,tri,85,2133.43
ErdmanGallagher,2018,209,loc,tri,88,2107.53
ErdmanGallagher,2019,209,loc,tri,93,2224.58
ErdmanGallagher,2020,209,loc,tri,95,2243.55
ErdmanGallagher,2021,209,loc,tri,95,2278.92
ErdmanGallagher,2023,209,loc,tri,92,2177.3
LarrabeeSheppard,2016,209,loc,tri,93,2155.37
LarrabeeSheppard,2017,209,loc,tri,84,2255.38
LarrabeeSheppard,2018,209,loc,tri,87,2221.19
LarrabeeSheppard,2019,209,loc,tri,97,2330.57
LarrabeeSheppard,2020,209,loc,tri,93,2133.04
LarrabeeSheppard,2021,209,loc,tri,92,2323.05
LarrabeeSheppard,2022,209,loc,tri,96,2382.71
LarrabeeSheppard,2023,209,loc,tri,88,2108.74
Lauppe,2016,209,loc,tri,95,2128.78
Lauppe,2017,209,loc,tri,82,2048.65
Lauppe,2018,209,loc,tri,88,2055.94
Lauppe,2019,209,loc,tri,92,2114.36
Lauppe,2020,209,loc,tri,88,2013.08
Lauppe,2021,209,loc,tri,95,2177.61
Lauppe,2022,209,loc,tri,97,2189.94
Lauppe,2023,209,loc,tri,91,2129.56
Rehmann,2017,209,loc,tri,98,2290.61
Rehmann,2018,209,loc,tri,100,2177.42
Rehmann,2019,209,loc,tri,104,2244.94
Rehmann,2021,209,loc,tri,92,2183.24
Schohr,2016,209,loc,tri,89,2124.21
Schohr,2017,209,loc,tri,86,2325.84
Schohr,2018,209,loc,tri,87,2209.47
Schohr,2019,209,loc,tri,93,2359.49
Schohr,2020,209,loc,tri,94,2179.22
Schohr,2021,209,loc,tri,100,2489.42
Schohr,2022,209,loc,tri,104,2309.05
Schohr,2023,209,loc,tri,91,2144.28
Wylie,2016,209,loc,tri,94,2148.94
Wylie,2017,209,loc,tri,81,2120.44
Wylie,2018,209,loc,tri,90,2139
Wylie,2019,209,loc,tri,99,2307.4
Wylie,2020,209,loc,tri,94,2131.59
Wylie,2021,209,loc,tri,96,2472.78
Wylie,2022,209,loc,tri,97,2391.74
Wylie,2023,209,loc,tri,88,2020.27
BosworthRue,2016,209,loc,sine,92,2256.85
BosworthRue,2017,209,loc,sine,84,2272.83
BosworthRue,2018,209,loc,sine,91,2341.17
BosworthRue,2019,209,loc,sine,90,2352.88
BosworthRue,2020,209,loc,sine,100,2299.07
BosworthRue,2021,209,loc,sine,99,2334.12
BosworthRue,2022,209,loc,sine,88,2159.39
BosworthRue,2023,209,loc,sine,85,2033.15
Canal,2017,209,loc,sine,89,2191.52
Canal,2018,209,loc,sine,89,2082.13
Canal,2019,209,loc,sine,99,2265.36
Canal,2020,209,loc,sine,92,2340.01
Canal,2021,209,loc,sine,101,2951.28
Canal,2023,209,loc,sine,78,1887.08
DelRio,2016,209,loc,sine,88,1784.91
DelRio,2021,209,loc,sine,115,2245.31
DelRio,2022,209,loc,sine,122,2366.25
DelRio,2023,209,loc,sine,114,2099.94
ErdmanGallagher,2016,209,loc,sine,94,2143.71
ErdmanGallagher,2017,209,loc,sine,85,2128.82
ErdmanGallagher,2018,209,loc,sine,88,2107.24
ErdmanGallagher,2019,209,loc,sine,93,2222.51
ErdmanGallagher,2020,209,loc,sine,95,2239.76
ErdmanGallagher,2021,209,loc,sine,95,2275.18
ErdmanGallagher,2023,209,loc,sine,92,2175.48
LarrabeeSheppard,2016,209,loc,sine,93,2154.88
LarrabeeSheppard,2017,209,loc,sine,84,2251.63
LarrabeeSheppard,2018,209,loc,sine,87,2217.23
LarrabeeSheppard,2019,209,loc,sine,97,2326.95
LarrabeeSheppard,2020,209,loc,sine,93,2132.75
LarrabeeSheppard,2021,209,loc,sine,92,2318.09
LarrabeeSheppard,2022,209,loc,sine,96,2382.43
LarrabeeSheppard,2023,209,loc,sine,88,2107.65
Lauppe,2016,209,loc,sine,95,2126.33
Lauppe,2017,209,loc,sine,82,2044.72
Lauppe,2018,209,loc,sine,88,2055.69
Lauppe,2019,209,loc,sine,92,2111.29
Lauppe,2020,209,loc,sine,88,2011.68
Lauppe,2021,209,loc,sine,95,2175.31
Lauppe,2022,209,loc,sine,97,2191.34
Lauppe,2023,209,loc,sine,91,2124.53
Rehmann,2017,209,loc,sine,98,2286.35
Rehmann,2018,209,loc,sine,100,2176.02
Rehmann,2019,209,loc,sine,104,2241.68
Rehmann,2021,209,loc,sine,92,2180.2
Schohr,2016,209,loc,sine,89,2122.72
Schohr,2017,209,loc,sine,86,2320.36
Schohr,2018,209,loc,sine,87,2202.49
Schohr,2019,209,loc,sine,93,2352.34
Schohr,2020,209,loc,sine,94,2178.35
Schohr,2021,209,loc,sine,100,2475.07
Schohr,2022,209,loc,sine,104,2311.79
Schohr,2023,209,loc,sine,91,2141.85
Wylie,2016,209,loc,sine,94,2148.71
Wylie,2017,209,loc,sine,81,2118
Wylie,2018,209,loc,sine,90,2139
Wylie,2019,209,loc,sine,99,2307.38
Wylie,2020,209,loc,sine,94,2131.58
Wylie,2021,209,loc,sine,96,2467.16
Wylie,2022,209,loc,sine,97,2389.88
Wylie,2023,209,loc,sine,88,2020.09
BosworthRue,2016,209,stat,tri,92,2061.61
BosworthRue,2017,209,stat,tri,84,2123.6
BosworthRue,2018,209,stat,tri,91,2171.19
BosworthRue,2019,209,stat,tri,90,2278.86
BosworthRue,2020,209,stat,tri,100,2197.26
BosworthRue,2021,209,stat,tri,99,2275.97
BosworthRue,2022,209,stat,tri,88,2252.83
BosworthRue,2023,209,stat,tri,85,2012.72
Canal,2017,209,stat,tri,89,2142.69
Canal,2018,209,stat,tri,89,2154.83
Canal,2019,209,stat,tri,99,2288.35
Canal,2020,209,stat,tri,92,2359.53
Canal,2021,209,stat,tri,101,2393.67
Canal,2023,209,stat,tri,78,1902.12
DelRio,2016,209,stat,tri,88,1681.41
DelRio,2021,209,stat,tri,115,2231.86
DelRio,2022,209,stat,tri,122,2352.86
DelRio,2023,209,stat,tri,114,2096.42
ErdmanGallagher,2016,209,stat,tri,94,2233.88
ErdmanGallagher,2017,209,stat,tri,85,2073.54
ErdmanGallagher,2018,209,stat,tri,88,2218.02
ErdmanGallagher,2019,209,stat,tri,93,2298.57
ErdmanGallagher,2020,209,stat,tri,95,2298.2
ErdmanGallagher,2021,209,stat,tri,95,2269.27
ErdmanGallagher,2023,209,stat,tri,92,2176.95
LarrabeeSheppard,2016,209,stat,tri,93,2057.35
LarrabeeSheppard,2017,209,stat,tri,84,2172.72
LarrabeeSheppard,2018,209,stat,tri,87,2151.71
LarrabeeSheppard,2019,209,stat,tri,97,2207.24
LarrabeeSheppard,2020,209,stat,tri,93,2055.47
LarrabeeSheppard,2021,209,stat,tri,92,2276.44
LarrabeeSheppard,2022,209,stat,tri,96,2405.16
LarrabeeSheppard,2023,209,stat,tri,88,2066.81
Lauppe,2016,209,stat,tri,95,2028.51
Lauppe,2017,209,stat,tri,82,2080.65
Lauppe,2018,209,stat,tri,88,2080.2
Lauppe,2019,209,stat,tri,92,2081.71
Lauppe,2020,209,stat,tri,88,1990.01
Lauppe,2021,209,stat,tri,95,2207.25
Lauppe,2022,209,stat,tri,97,2296.52
Lauppe,2023,209,stat,tri,91,2182.49
Rehmann,2017,209,stat,tri,98,2362.6
Rehmann,2018,209,stat,tri,100,2345.56
Rehmann,2019,209,stat,tri,104,2309.72
Rehmann,2021,209,stat,tri,92,2179.37
Schohr,2016,209,stat,tri,89,2268.87
Schohr,2017,209,stat,tri,86,2453.76
Schohr,2018,209,stat,tri,87,2456.78
Schohr,2019,209,stat,tri,93,2198.87
Schohr,2020,209,stat,tri,94,2241.21
Schohr,2021,209,stat,tri,100,2455.84
Schohr,2022,209,stat,tri,104,2389.25
Schohr,2023,209,stat,tri,91,2175.65
Wylie,2016,209,stat,tri,94,2336.57
Wylie,2017,209,stat,tri,81,2115.84
Wylie,2018,209,stat,tri,90,2211.6
Wylie,2019,209,stat,tri,99,2371.89
Wylie,2020,209,stat,tri,94,2242.98
Wylie,2021,209,stat,tri,96,2419.87
Wylie,2022,209,stat,tri,97,2581.58
Wylie,2023,209,stat,tri,88,2138.24
BosworthRue,2016,209,stat,sine,92,2053.6
BosworthRue,2017,209,stat,sine,84,2108.73
BosworthRue,2018,209,stat,sine,91,2163.19
BosworthRue,2019,209,stat,sine,90,2269.57
BosworthRue,2020,209,stat,sine,100,2195.76
BosworthRue,2021,209,stat,sine,99,2267.46
BosworthRue,2022,209,stat,sine,88,2234.68
BosworthRue,2023,209,stat,sine,85,1999.89
Canal,2017,209,stat,sine,89,2137.6
Canal,2018,209,stat,sine,89,2152
Canal,2019,209,stat,sine,99,2285.08
Canal,2020,209,stat,sine,92,2349.98
Canal,2021,209,stat,sine,101,2386.82
Canal,2023,209,stat,sine,78,1894.96
DelRio,2016,209,stat,sine,88,1684.3
DelRio,2021,209,stat,sine,115,2245.31
DelRio,2022,209,stat,sine,122,2366.25
DelRio,2023,209,stat,sine,114,2099.94
ErdmanGallagher,2016,209,stat,sine,94,2222.35
ErdmanGallagher,2017,209,stat,sine,85,2060.82
ErdmanGallagher,2018,209,stat,sine,88,2206.58
ErdmanGallagher,2019,209,stat,sine,93,2290.28
ErdmanGallagher,2020,209,stat,sine,95,2289.27
ErdmanGallagher,2021,209,stat,sine,95,2256.62
ErdmanGallagher,2023,209,stat,sine,92,2163.58
LarrabeeSheppard,2016,209,stat,sine,93,2055.21
LarrabeeSheppard,2017,209,stat,sine,84,2165.34
LarrabeeSheppard,2018,209,stat,sine,87,2147.25
LarrabeeSheppard,2019,209,stat,sine,97,2206.87
LarrabeeSheppard,2020,209,stat,sine,93,2056.61
LarrabeeSheppard,2021,209,stat,sine,92,2268.79
LarrabeeSheppard,2022,209,stat,sine,96,2398.94
LarrabeeSheppard,2023,209,stat,sine,88,2063.42
Lauppe,2016,209,stat,sine,95,2021.05
Lauppe,2017,209,stat,sine,82,2065.77
Lauppe,2018,209,stat,sine,88,2072.84
Lauppe,2019,209,stat,sine,92,2076.64
Lauppe,2020,209,stat,sine,88,1986.01
Lauppe,2021,209,stat,sine,95,2198.28
Lauppe,2022,209,stat,sine,97,2288.36
Lauppe,2023,209,stat,sine,91,2169.42
Rehmann,2017,209,stat,sine,98,2351
Rehmann,2018,209,stat,sine,100,2339.66
Rehmann,2019,209,stat,sine,104,2304.65
Rehmann,2021,209,stat,sine,92,2170.62
Schohr,2016,209,stat,sine,89,2256.17
Schohr,2017,209,stat,sine,86,2407.52
Schohr,2018,209,stat,sine,87,2427.85
Schohr,2019,209,stat,sine,93,2195.67
Schohr,2020,209,stat,sine,94,2236.34
Schohr,2021,209,stat,sine,100,2442.37
Schohr,2022,209,stat,sine,104,2386.95
Schohr,2023,209,stat,sine,91,2168.52
Wylie,2016,209,stat,sine,94,2323.87
Wylie,2017,209,stat,sine,81,2107.41
Wylie,2018,209,stat,sine,90,2208.49
Wylie,2019,209,stat,sine,99,2367.19
Wylie,2020,209,stat,sine,94,2237.77
Wylie,2021,209,stat,sine,96,2408.53
Wylie,2022,209,stat,sine,97,2552.53
Wylie,2023,209,stat,sine,88,2130.98
BosworthRue,2016,209,prism,tri,92,2355.44
BosworthRue,2017,209,prism,tri,84,2345.31
BosworthRue,2018,209,prism,tri,91,2416.52
BosworthRue,2019,209,prism,tri,90,2456.38
BosworthRue,2020,209,prism,tri,100,2414.28
BosworthRue,2021,209,prism,tri,99,2514.45
BosworthRue,2022,209,prism,tri,88,2384.78
BosworthRue,2023,209,prism,tri,85,2142.49
Canal,2017,209,prism,tri,89,2261.99
Canal,2018,209,prism,tri,89,2181.34
Canal,2019,209,prism,tri,99,2295.21
Canal,2020,209,prism,tri,92,2421.17
Canal,2021,209,prism,tri,101,2405.85
Canal,2023,209,prism,tri,78,1874.73
DelRio,2016,209,prism,tri,88,1886.76
DelRio,2021,209,prism,tri,115,2437.42
DelRio,2022,209,prism,tri,122,2563.68
DelRio,2023,209,prism,tri,114,2309.31
ErdmanGallagher,2016,209,prism,tri,94,2321.29
ErdmanGallagher,2017,209,prism,tri,85,2229.77
ErdmanGallagher,2018,209,prism,tri,88,2237.17
ErdmanGallagher,2019,209,prism,tri,93,2290.85
ErdmanGallagher,2020,209,prism,tri,95,2326.45
ErdmanGallagher,2021,209,prism,tri,95,2272.19
ErdmanGallagher,2023,209,prism,tri,92,2081.98
LarrabeeSheppard,2016,209,prism,tri,93,2270.2
LarrabeeSheppard,2017,209,prism,tri,84,2343.18
LarrabeeSheppard,2018,209,prism,tri,87,2375.8
LarrabeeSheppard,2019,209,prism,tri,97,2298.34
LarrabeeSheppard,2020,209,prism,tri,93,2198.7
LarrabeeSheppard,2021,209,prism,tri,92,2385.79
LarrabeeSheppard,2022,209,prism,tri,96,2525.11
LarrabeeSheppard,2023,209,prism,tri,88,2140.48
Lauppe,2016,209,prism,tri,95,2125.95
Lauppe,2017,209,prism,tri,82,2113.62
Lauppe,2018,209,prism,tri,88,2128.39
Lauppe,2019,209,prism,tri,92,2083.79
Lauppe,2020,209,prism,tri,88,2056.82
Lauppe,2021,209,prism,tri,95,2285.01
Lauppe,2022,209,prism,tri,97,2328.34
Lauppe,2023,209,prism,tri,91,2187.39
Rehmann,2017,209,prism,tri,98,2397.43
Rehmann,2018,209,prism,tri,100,2307.51
Rehmann,2019,209,prism,tri,104,2338.34
Rehmann,2021,209,prism,tri,92,2197.25
Schohr,2016,209,prism,tri,89,2222.92
Schohr,2017,209,prism,tri,86,2468.83
Schohr,2018,209,prism,tri,87,2398.89
Schohr,2019,209,prism,tri,93,2152.67
Schohr,2020,209,prism,tri,94,2198.96
Schohr,2021,209,prism,tri,100,2480.12
Schohr,2022,209,prism,tri,104,2367.26
Schohr,2023,209,prism,tri,91,2145.72
Wylie,2016,209,prism,tri,94,2315.18
Wylie,2017,209,prism,tri,81,2290.6
Wylie,2018,209,prism,tri,90,2312.95
Wylie,2019,209,prism,tri,99,2453.48
Wylie,2020,209,prism,tri,94,2301.01
Wylie,2021,209,prism,tri,96,2557.34
Wylie,2022,209,prism,tri,97,2624.63
Wylie,2023,209,prism,tri,88,2262.5
BosworthRue,2016,209,prism,sine,92,2340.36
BosworthRue,2017,209,prism,sine,84,2325.37
BosworthRue,2018,209,prism,sine,91,2401.29
BosworthRue,2019,209,prism,sine,90,2445.54
BosworthRue,2020,209,prism,sine,100,2403.67
BosworthRue,2021,209,prism,sine,99,2496.3
BosworthRue,2022,209,prism,sine,88,2363.17
BosworthRue,2023,209,prism,sine,85,2127.53
Canal,2017,209,prism,sine,89,2250.85
Canal,2018,209,prism,sine,89,2174.82
Canal,2019,209,prism,sine,99,2292.38
Canal,2020,209,prism,sine,92,2412.84
Canal,2021,209,prism,sine,101,2397.47
Canal,2023,209,prism,sine,78,1869.48
DelRio,2016,209,prism,sine,88,1880.2
DelRio,2021,209,prism,sine,115,2437.63
DelRio,2022,209,prism,sine,122,2567.13
DelRio,2023,209,prism,sine,114,2304.91
ErdmanGallagher,2016,209,prism,sine,94,2308.25
ErdmanGallagher,2017,209,prism,sine,85,2213.37
ErdmanGallagher,2018,209,prism,sine,88,2225.5
ErdmanGallagher,2019,209,prism,sine,93,2283.77
ErdmanGallagher,2020,209,prism,sine,95,2315.87
ErdmanGallagher,2021,209,prism,sine,95,2261.89
ErdmanGallagher,2023,209,prism,sine,92,2071.58
LarrabeeSheppard,2016,209,prism,sine,93,2261.31
LarrabeeSheppard,2017,209,prism,sine,84,2327.41
LarrabeeSheppard,2018,209,prism,sine,87,2362.01
LarrabeeSheppard,2019,209,prism,sine,97,2295.37
LarrabeeSheppard,2020,209,prism,sine,93,2195.54
LarrabeeSheppard,2021,209,prism,sine,92,2373.48
LarrabeeSheppard,2022,209,prism,sine,96,2514.18
LarrabeeSheppard,2023,209,prism,sine,88,2135.13
Lauppe,2016,209,prism,sine,95,2117.75
Lauppe,2017,209,prism,sine,82,2100.64
Lauppe,2018,209,prism,sine,88,2121.48
Lauppe,2019,209,prism,sine,92,2080.51
Lauppe,2020,209,prism,sine,88,2050.49
Lauppe,2021,209,prism,sine,95,2274.07
Lauppe,2022,209,prism,sine,97,2319.45
Lauppe,2023,209,prism,sine,91,2175.15
Rehmann,2017,209,prism,sine,98,2386.41
Rehmann,2018,209,prism,sine,100,2303.5
Rehmann,2019,209,prism,sine,104,2333.48
Rehmann,2021,209,prism,sine,92,2190.21
Schohr,2016,209,prism,sine,89,2215.18
Schohr,2017,209,prism,sine,86,2451.12
Schohr,2018,209,prism,sine,87,2383.12
Schohr,2019,209,prism,sine,93,2151.75
Schohr,2020,209,prism,sine,94,2196.17
Schohr,2021,209,prism,sine,100,2469.54
Schohr,2022,209,prism,sine,104,2366.08
Schohr,2023,209,prism,sine,91,2140.73
Wylie,2016,209,prism,sine,94,2300.29
Wylie,2017,209,prism,sine,81,2270.07
Wylie,2018,209,prism,sine,90,2300
Wylie,2019,209,prism,sine,99,2445.82
Wylie,2020,209,prism,sine,94,2291.62
Wylie,2021,209,prism,sine,96,2534.4
Wylie,2022,209,prism,sine,97,2597.72
Wylie,2023,209,prism,sine,88,2250.97
BosworthRue,2016,210,loc,tri,86,2097.59
BosworthRue,2017,210,loc,tri,78,2130.89
BosworthRue,2018,210,loc,tri,83,2160.61
BosworthRue,2019,210,loc,tri,84,2202.87
BosworthRue,2020,210,loc,tri,95,2185.44
BosworthRue,2021,210,loc,tri,94,2220.72
BosworthRue,2022,210,loc,tri,85,2077.36
BosworthRue,2023,210,loc,tri,81,1910.77
Canal,2017,210,loc,tri,83,2018.91
Canal,2018,210,loc,tri,84,1946.89
Canal,2019,210,loc,tri,89,2002.65
Canal,2020,210,loc,tri,85,2131.44
Canal,2021,210,loc,tri,94,2821.27
Canal,2023,210,loc,tri,73,1771.23
DelRio,2016,210,loc,tri,79,1560.11
DelRio,2021,210,loc,tri,109,2105.11
DelRio,2022,210,loc,tri,111,2088.35
DelRio,2023,210,loc,tri,110,1985.53
ErdmanGallagher,2016,210,loc,tri,90,2046.68
ErdmanGallagher,2017,210,loc,tri,82,2061.12
ErdmanGallagher,2018,210,loc,tri,82,1960.84
ErdmanGallagher,2019,210,loc,tri,89,2139.79
ErdmanGallagher,2020,210,loc,tri,89,2083.75
ErdmanGallagher,2021,210,loc,tri,90,2161.74
ErdmanGallagher,2023,210,loc,tri,87,2021.4
LarrabeeSheppard,2016,210,loc,tri,88,2047.56
LarrabeeSheppard,2017,210,loc,tri,81,2177.9
LarrabeeSheppard,2018,210,loc,tri,80,2038.51
LarrabeeSheppard,2019,210,loc,tri,89,2123.59
LarrabeeSheppard,2020,210,loc,tri,89,2029.25
LarrabeeSheppard,2021,210,loc,tri,85,2145.53
LarrabeeSheppard,2022,210,loc,tri,89,2198.5
LarrabeeSheppard,2023,210,loc,tri,83,1975.13
Lauppe,2016,210,loc,tri,90,2019.46
Lauppe,2017,210,loc,tri,79,1972.44
Lauppe,2018,210,loc,tri,83,1936.38
Lauppe,2019,210,loc,tri,87,1978.75
Lauppe,2020,210,loc,tri,84,1924.96
Lauppe,2021,210,loc,tri,91,2084.1
Lauppe,2022,210,loc,tri,91,2050.44
Lauppe,2023,210,loc,tri,87,2028.52
Rehmann,2017,210,loc,tri,92,2135.97
Rehmann,2018,210,loc,tri,94,2076.93
Rehmann,2019,210,loc,tri,99,2107.6
Rehmann,2021,210,loc,tri,90,2134.04
Schohr,2016,210,loc,tri,86,2064.49
Schohr,2017,210,loc,tri,81,2194.88
Schohr,2018,210,loc,tri,84,2126.45
Schohr,2019,210,loc,tri,85,2147.08
Schohr,2020,210,loc,tri,90,2079.12
Schohr,2021,210,loc,tri,92,2273.51
Schohr,2022,210,loc,tri,97,2120.84
Schohr,2023,210,loc,tri,85,1994.4
Wylie,2016,210,loc,tri,90,2054.27
Wylie,2017,210,loc,tri,75,1960.82
Wylie,2018,210,loc,tri,83,1982.33
Wylie,2019,210,loc,tri,91,2098.64
Wylie,2020,210,loc,tri,90,2031.85
Wylie,2021,210,loc,tri,118,3012.64
Wylie,2022,210,loc,tri,93,2279.57
Wylie,2023,210,loc,tri,82,1878.28
BosworthRue,2016,210,loc,sine,86,2094.04
BosworthRue,2017,210,loc,sine,78,2122.27
BosworthRue,2018,210,loc,sine,83,2153.08
BosworthRue,2019,210,loc,sine,84,2198.92
BosworthRue,2020,210,loc,sine,95,2183.55
BosworthRue,2021,210,loc,sine,94,2216
BosworthRue,2022,210,loc,sine,85,2076.87
BosworthRue,2023,210,loc,sine,81,1907.57
Canal,2017,210,loc,sine,83,2015.71
Canal,2018,210,loc,sine,84,1945.94
Canal,2019,210,loc,sine,89,2001.58
Canal,2020,210,loc,sine,85,2130.43
Canal,2021,210,loc,sine,94,2783.13
Canal,2023,210,loc,sine,73,1770.17
DelRio,2016,210,loc,sine,79,1560.16
DelRio,2021,210,loc,sine,109,2118.56
DelRio,2022,210,loc,sine,111,2103.92
DelRio,2023,210,loc,sine,110,1990.43
ErdmanGallagher,2016,210,loc,sine,90,2046
ErdmanGallagher,2017,210,loc,sine,82,2056.51
ErdmanGallagher,2018,210,loc,sine,82,1960.55
ErdmanGallagher,2019,210,loc,sine,89,2137.72
ErdmanGallagher,2020,210,loc,sine,89,2080.93
ErdmanGallagher,2021,210,loc,sine,90,2158
ErdmanGallagher,2023,210,loc,sine,87,2020.53
LarrabeeSheppard,2016,210,loc,sine,88,2047.07
LarrabeeSheppard,2017,210,loc,sine,81,2174.15
LarrabeeSheppard,2018,210,loc,sine,80,2034.73
LarrabeeSheppard,2019,210,loc,sine,89,2120.64
LarrabeeSheppard,2020,210,loc,sine,89,2028.96
LarrabeeSheppard,2021,210,loc,sine,85,2140.57
LarrabeeSheppard,2022,210,loc,sine,89,2198.22
LarrabeeSheppard,2023,210,loc,sine,83,1974.38
Lauppe,2016,210,loc,sine,90,2017.01
Lauppe,2017,210,loc,sine,79,1968.51
Lauppe,2018,210,loc,sine,83,1936.13
Lauppe,2019,210,loc,sine,87,1976.13
Lauppe,2020,210,loc,sine,84,1923.56
Lauppe,2021,210,loc,sine,91,2081.8
Lauppe,2022,210,loc,sine,91,2051.84
Lauppe,2023,210,loc,sine,87,2023.49
Rehmann,2017,210,loc,sine,92,2132.67
Rehmann,2018,210,loc,sine,94,2075.53
Rehmann,2019,210,loc,sine,99,2104.59
Rehmann,2021,210,loc,sine,90,2131.01
Schohr,2016,210,loc,sine,86,2063
Schohr,2017,210,loc,sine,81,2189.4
Schohr,2018,210,loc,sine,84,2119.54
Schohr,2019,210,loc,sine,85,2140.17
Schohr,2020,210,loc,sine,90,2078.25
Schohr,2021,210,loc,sine,92,2260.48
Schohr,2022,210,loc,sine,97,2123.82
Schohr,2023,210,loc,sine,85,1991.97
Wylie,2016,210,loc,sine,90,2054.04
Wylie,2017,210,loc,sine,75,1958.38
Wylie,2018,210,loc,sine,83,1982.33
Wylie,2019,210,loc,sine,91,2098.91
Wylie,2020,210,loc,sine,90,2031.84
Wylie,2021,210,loc,sine,118,3006.2
Wylie,2022,210,loc,sine,93,2278.51
Wylie,2023,210,loc,sine,82,1878.1
BosworthRue,2016,210,stat,tri,86,1916.89
BosworthRue,2017,210,stat,tri,78,1970.02
BosworthRue,2018,210,stat,tri,83,1990.74
BosworthRue,2019,210,stat,tri,84,2122.5
BosworthRue,2020,210,stat,tri,95,2084.81
BosworthRue,2021,210,stat,tri,94,2157.46
BosworthRue,2022,210,stat,tri,85,2168.58
BosworthRue,2023,210,stat,tri,81,1877.41
Canal,2017,210,stat,tri,83,1973.7
Canal,2018,210,stat,tri,84,2015.13
Canal,2019,210,stat,tri,89,2041.95
Canal,2020,210,stat,tri,85,2130.05
Canal,2021,210,stat,tri,94,2189.97
Canal,2023,210,stat,tri,73,1782.87
DelRio,2016,210,stat,tri,79,1453.17
DelRio,2021,210,stat,tri,109,2105.11
DelRio,2022,210,stat,tri,111,2088.35
DelRio,2023,210,stat,tri,110,1985.53
ErdmanGallagher,2016,210,stat,tri,90,2122.98
ErdmanGallagher,2017,210,stat,tri,82,1998.09
ErdmanGallagher,2018,210,stat,tri,82,2051.85
ErdmanGallagher,2019,210,stat,tri,89,2207.07
ErdmanGallagher,2020,210,stat,tri,89,2120.76
ErdmanGallagher,2021,210,stat,tri,90,2144.64
ErdmanGallagher,2023,210,stat,tri,87,2010.19
LarrabeeSheppard,2016,210,stat,tri,88,1947.7
LarrabeeSheppard,2017,210,stat,tri,81,2093.72
LarrabeeSheppard,2018,210,stat,tri,80,1967.14
LarrabeeSheppard,2019,210,stat,tri,89,1999.5
LarrabeeSheppard,2020,210,stat,tri,89,1945.47
LarrabeeSheppard,2021,210,stat,tri,85,2091.99
LarrabeeSheppard,2022,210,stat,tri,89,2207.61
LarrabeeSheppard,2023,210,stat,tri,83,1927.1
Lauppe,2016,210,stat,tri,90,1925.78
Lauppe,2017,210,stat,tri,79,1996.52
Lauppe,2018,210,stat,tri,83,1952.74
Lauppe,2019,210,stat,tri,87,1945.48
Lauppe,2020,210,stat,tri,84,1902.76
Lauppe,2021,210,stat,tri,91,2110.3
Lauppe,2022,210,stat,tri,91,2144.57
Lauppe,2023,210,stat,tri,87,2078.52
Rehmann,2017,210,stat,tri,92,2188.52
Rehmann,2018,210,stat,tri,94,2239.36
Rehmann,2019,210,stat,tri,99,2169.29
Rehmann,2021,210,stat,tri,90,2128.89
Schohr,2016,210,stat,tri,86,2199.17
Schohr,2017,210,stat,tri,81,2286.3
Schohr,2018,210,stat,tri,84,2364
Schohr,2019,210,stat,tri,85,2002.64
Schohr,2020,210,stat,tri,90,2136.86
Schohr,2021,210,stat,tri,92,2239.93
Schohr,2022,210,stat,tri,97,2188.54
Schohr,2023,210,stat,tri,85,2011.56
Wylie,2016,210,stat,tri,90,2228.5
Wylie,2017,210,stat,tri,75,1943.91
Wylie,2018,210,stat,tri,83,2046.5
Wylie,2019,210,stat,tri,91,2155.93
Wylie,2020,210,stat,tri,90,2142.23
Wylie,2021,210,stat,tri,118,2990.37
Wylie,2022,210,stat,tri,93,2452.89
Wylie,2023,210,stat,tri,82,1981.37
BosworthRue,2016,210,stat,sine,86,1909.1
BosworthRue,2017,210,stat,sine,78,1955.65
BosworthRue,2018,210,stat,sine,83,1983.23
BosworthRue,2019,210,stat,sine,84,2113.71
BosworthRue,2020,210,stat,sine,95,2083.31
BosworthRue,2021,210,stat,sine,94,2149.25
BosworthRue,2022,210,stat,sine,85,2151.7
BosworthRue,2023,210,stat,sine,81,1867.45
Canal,2017,210,stat,sine,83,1968.63
Canal,2018,210,stat,sine,84,2012.3
Canal,2019,210,stat,sine,89,2038.68
Canal,2020,210,stat,sine,85,2124.3
Canal,2021,210,stat,sine,94,2184.81
Canal,2023,210,stat,sine,73,1775.71
DelRio,2016,210,stat,sine,79,1457.87
DelRio,2021,210,stat,sine,109,2118.56
DelRio,2022,210,stat,sine,111,2103.92
DelRio,2023,210,stat,sine,110,1990.43
ErdmanGallagher,2016,210,stat,sine,90,2112.74
ErdmanGallagher,2017,210,stat,sine,82,1985.37
ErdmanGallagher,2018,210,stat,sine,82,2041.95
ErdmanGallagher,2019,210,stat,sine,89,2198.78
ErdmanGallagher,2020,210,stat,sine,89,2113.75
ErdmanGallagher,2021,210,stat,sine,90,2132.08
ErdmanGallagher,2023,210,stat,sine,87,1999.52
LarrabeeSheppard,2016,210,stat,sine,88,1945.57
LarrabeeSheppard,2017,210,stat,sine,81,2086.34
LarrabeeSheppard,2018,210,stat,sine,80,1962.78
LarrabeeSheppard,2019,210,stat,sine,89,2000.17
LarrabeeSheppard,2020,210,stat,sine,89,1946.61
LarrabeeSheppard,2021,210,stat,sine,85,2084.34
LarrabeeSheppard,2022,210,stat,sine,89,2202.35
LarrabeeSheppard,2023,210,stat,sine,83,1924.37
Lauppe,2016,210,stat,sine,90,1918.41
Lauppe,2017,210,stat,sine,79,1982.14
Lauppe,2018,210,stat,sine,83,1945.87
Lauppe,2019,210,stat,sine,87,1941.95
Lauppe,2020,210,stat,sine,84,1898.76
Lauppe,2021,210,stat,sine,91,2101.35
Lauppe,2022,210,stat,sine,91,2136.41
Lauppe,2023,210,stat,sine,87,2065.69
Rehmann,2017,210,stat,sine,92,2179.93
Rehmann,2018,210,stat,sine,94,2233.46
Rehmann,2019,210,stat,sine,99,2165.04
Rehmann,2021,210,stat,sine,90,2120.47
Schohr,2016,210,stat,sine,86,2186.47
Schohr,2017,210,stat,sine,81,2243.71
Schohr,2018,210,stat,sine,84,2336.1
Schohr,2019,210,stat,sine,85,2000.51
Schohr,2020,210,stat,sine,90,2131.99
Schohr,2021,210,stat,sine,92,2227.78
Schohr,2022,210,stat,sine,97,2187.97
Schohr,2023,210,stat,sine,85,2005.61
Wylie,2016,210,stat,sine,90,2216.42
Wylie,2017,210,stat,sine,75,1935.7
Wylie,2018,210,stat,sine,83,2043.39
Wylie,2019,210,stat,sine,91,2152.32
Wylie,2020,210,stat,sine,90,2137.03
Wylie,2021,210,stat,sine,118,2975.72
Wylie,2022,210,stat,sine,93,2427.52
Wylie,2023,210,stat,sine,82,1974.21
BosworthRue,2016,210,prism,tri,86,2179.14
BosworthRue,2017,210,prism,tri,78,2182.08
BosworthRue,2018,210,prism,tri,83,2200.42
BosworthRue,2019,210,prism,tri,84,2284.88
BosworthRue,2020,210,prism,tri,95,2289.03
BosworthRue,2021,210,prism,tri,94,2378.44
BosworthRue,2022,210,prism,tri,85,2286.43
BosworthRue,2023,210,prism,tri,81,2002.92
Canal,2017,210,prism,tri,83,2084.4
Canal,2018,210,prism,tri,84,2032.75
Canal,2019,210,prism,tri,89,2035.67
Canal,2020,210,prism,tri,85,2190.59
Canal,2021,210,prism,tri,94,2196.21
Canal,2023,210,prism,tri,73,1750.58
DelRio,2016,210,prism,tri,79,1629.31
DelRio,2021,210,prism,tri,109,2293.49
DelRio,2022,210,prism,tri,111,2275.91
DelRio,2023,210,prism,tri,110,2186
ErdmanGallagher,2016,210,prism,tri,90,2209.38
ErdmanGallagher,2017,210,prism,tri,82,2151.52
ErdmanGallagher,2018,210,prism,tri,82,2065.18
ErdmanGallagher,2019,210,prism,tri,89,2197.52
ErdmanGallagher,2020,210,prism,tri,89,2150.83
ErdmanGallagher,2021,210,prism,tri,90,2144.99
ErdmanGallagher,2023,210,prism,tri,87,1919.39
LarrabeeSheppard,2016,210,prism,tri,88,2146.66
LarrabeeSheppard,2017,210,prism,tri,81,2258.78
LarrabeeSheppard,2018,210,prism,tri,80,2171.75
LarrabeeSheppard,2019,210,prism,tri,89,2092.15
LarrabeeSheppard,2020,210,prism,tri,89,2083.7
LarrabeeSheppard,2021,210,prism,tri,85,2194.43
LarrabeeSheppard,2022,210,prism,tri,89,2314
LarrabeeSheppard,2023,210,prism,tri,83,2004.9
Lauppe,2016,210,prism,tri,90,2012.04
Lauppe,2017,210,prism,tri,79,2035.27
Lauppe,2018,210,prism,tri,83,1987.39
Lauppe,2019,210,prism,tri,87,1952.27
Lauppe,2020,210,prism,tri,84,1965.45
Lauppe,2021,210,prism,tri,91,2184.78
Lauppe,2022,210,prism,tri,91,2172.48
Lauppe,2023,210,prism,tri,87,2080.27
Rehmann,2017,210,prism,tri,92,2233.66
Rehmann,2018,210,prism,tri,94,2200.17
Rehmann,2019,210,prism,tri,99,2188.03
Rehmann,2021,210,prism,tri,90,2154.73
Schohr,2016,210,prism,tri,86,2148.66
Schohr,2017,210,prism,tri,81,2324.59
Schohr,2018,210,prism,tri,84,2312.82
Schohr,2019,210,prism,tri,85,1961.96
Schohr,2020,210,prism,tri,90,2090.74
Schohr,2021,210,prism,tri,92,2255.57
Schohr,2022,210,prism,tri,97,2168.35
Schohr,2023,210,prism,tri,85,1988.67
Wylie,2016,210,prism,tri,90,2204.1
Wylie,2017,210,prism,tri,75,2100.66
Wylie,2018,210,prism,tri,83,2127.53
Wylie,2019,210,prism,tri,91,2222.26
Wylie,2020,210,prism,tri,90,2188.31
Wylie,2021,210,prism,tri,118,3174.31
Wylie,2022,210,prism,tri,93,2496.49
Wylie,2023,210,prism,tri,82,2098.43
BosworthRue,2016,210,prism,sine,86,2165.37
BosworthRue,2017,210,prism,sine,78,2162.51
BosworthRue,2018,210,prism,sine,83,2186.24
BosworthRue,2019,210,prism,sine,84,2274.94
BosworthRue,2020,210,prism,sine,95,2278.67
BosworthRue,2021,210,prism,sine,94,2361.03
BosworthRue,2022,210,prism,sine,85,2266.85
BosworthRue,2023,210,prism,sine,81,1990.55
Canal,2017,210,prism,sine,83,2074.35
Canal,2018,210,prism,sine,84,2026.55
Canal,2019,210,prism,sine,89,2032.86
Canal,2020,210,prism,sine,85,2185.32
Canal,2021,210,prism,sine,94,2189.81
Canal,2023,210,prism,sine,73,1745.43
DelRio,2016,210,prism,sine,79,1626.05
DelRio,2021,210,prism,sine,109,2293.74
DelRio,2022,210,prism,sine,111,2280.75
DelRio,2023,210,prism,sine,110,2183.11
ErdmanGallagher,2016,210,prism,sine,90,2197.09
ErdmanGallagher,2017,210,prism,sine,82,2135.12
ErdmanGallagher,2018,210,prism,sine,82,2054.77
ErdmanGallagher,2019,210,prism,sine,89,2190.44
ErdmanGallagher,2020,210,prism,sine,89,2141.69
ErdmanGallagher,2021,210,prism,sine,90,2134.8
ErdmanGallagher,2023,210,prism,sine,87,1911.66
LarrabeeSheppard,2016,210,prism,sine,88,2138.06
LarrabeeSheppard,2017,210,prism,sine,81,2243.01
LarrabeeSheppard,2018,210,prism,sine,80,2158.65
LarrabeeSheppard,2019,210,prism,sine,89,2090.46
LarrabeeSheppard,2020,210,prism,sine,89,2080.54
LarrabeeSheppard,2021,210,prism,sine,85,2183.22
LarrabeeSheppard,2022,210,prism,sine,89,2304.77
LarrabeeSheppard,2023,210,prism,sine,83,1999.57
Lauppe,2016,210,prism,sine,90,2003.93
Lauppe,2017,210,prism,sine,79,2022.32
Lauppe,2018,210,prism,sine,83,1981.27
Lauppe,2019,210,prism,sine,87,1949.6
Lauppe,2020,210,prism,sine,84,1959.12
Lauppe,2021,210,prism,sine,91,2173.84
Lauppe,2022,210,prism,sine,91,2163.59
Lauppe,2023,210,prism,sine,87,2068.03
Rehmann,2017,210,prism,sine,92,2224.29
Rehmann,2018,210,prism,sine,94,2196.16
Rehmann,2019,210,prism,sine,99,2183.96
Rehmann,2021,210,prism,sine,90,2147.69
Schohr,2016,210,prism,sine,86,2141.17
Schohr,2017,210,prism,sine,81,2307.07
Schohr,2018,210,prism,sine,84,2297.12
Schohr,2019,210,prism,sine,85,1961.06
Schohr,2020,210,prism,sine,90,2087.95
Schohr,2021,210,prism,sine,92,2245.73
Schohr,2022,210,prism,sine,97,2168.47
Schohr,2023,210,prism,sine,85,1984.39
Wylie,2016,210,prism,sine,90,2189.74
Wylie,2017,210,prism,sine,75,2081.94
Wylie,2018,210,prism,sine,83,2114.66
Wylie,2019,210,prism,sine,91,2217.02
Wylie,2020,210,prism,sine,90,2179.62
Wylie,2021,210,prism,sine,118,3145.8
Wylie,2022,210,prism,sine,93,2472.71
Wylie,2023,210,prism,sine,82,2087.43
BosworthRue,2016,211,loc,tri,91,2235.1
BosworthRue,2017,211,loc,tri,82,2238.63
BosworthRue,2018,211,loc,tri,90,2331.93
BosworthRue,2019,211,loc,tri,90,2356.86
BosworthRue,2020,211,loc,tri,100,2300.96
BosworthRue,2021,211,loc,tri,100,2363.16
BosworthRue,2022,211,loc,tri,89,2187.29
BosworthRue,2023,211,loc,tri,85,2037.48
Canal,2017,211,loc,tri,89,2194.74
Canal,2019,211,loc,tri,98,2242.14
Canal,2020,211,loc,tri,93,2363.81
Canal,2021,211,loc,tri,100,2967.51
Canal,2023,211,loc,tri,79,1917.25
DelRio,2016,211,loc,tri,79,1560.11
DelRio,2021,211,loc,tri,119,2334.1
DelRio,2022,211,loc,tri,120,2301.27
DelRio,2023,211,loc,tri,113,2072.97
ErdmanGallagher,2017,211,loc,tri,83,2085.05
ErdmanGallagher,2018,211,loc,tri,89,2128.66
ErdmanGallagher,2019,211,loc,tri,92,2201.14
ErdmanGallagher,2020,211,loc,tri,95,2243.55
ErdmanGallagher,2021,211,loc,tri,96,2305.04
ErdmanGallagher,2023,211,loc,tri,91,2151.72
LarrabeeSheppard,2016,211,loc,tri,93,2155.37
LarrabeeSheppard,2017,211,loc,tri,84,2255.38
LarrabeeSheppard,2018,211,loc,tri,86,2196.25
LarrabeeSheppard,2019,211,loc,tri,98,2357.72
LarrabeeSheppard,2020,211,loc,tri,94,2158.52
LarrabeeSheppard,2021,211,loc,tri,95,2409.58
LarrabeeSheppard,2022,211,loc,tri,97,2406.45
LarrabeeSheppard,2023,211,loc,tri,87,2076.76
Lauppe,2017,211,loc,tri,81,2023.31
Lauppe,2018,211,loc,tri,88,2055.94
Lauppe,2019,211,loc,tri,92,2114.36
Lauppe,2020,211,loc,tri,88,2013.08
Lauppe,2021,211,loc,tri,96,2203.7
Lauppe,2022,211,loc,tri,97,2189.94
Lauppe,2023,211,loc,tri,91,2129.56
Rehmann,2017,211,loc,tri,96,2228.78
Rehmann,2018,211,loc,tri,98,2145.22
Rehmann,2019,211,loc,tri,103,2217.49
Rehmann,2021,211,loc,tri,93,2208.43
Schohr,2016,211,loc,tri,91,2166.7
Schohr,2017,211,loc,tri,87,2348.32
Schohr,2018,211,loc,tri,88,2238.95
Schohr,2019,211,loc,tri,93,2359.49
Schohr,2020,211,loc,tri,95,2204.64
Schohr,2021,211,loc,tri,101,2514.82
Schohr,2022,211,loc,tri,104,2309.05
Schohr,2023,211,loc,tri,91,2144.28
Wylie,2016,211,loc,tri,94,2148.94
Wylie,2017,211,loc,tri,81,2120.44
Wylie,2018,211,loc,tri,90,2139
Wylie,2019,211,loc,tri,97,2263.04
Wylie,2020,211,loc,tri,95,2156.25
Wylie,2021,211,loc,tri,95,2446.36
Wylie,2022,211,loc,tri,99,2447.98
Wylie,2023,211,loc,tri,88,2020.27
BosworthRue,2016,211,loc,sine,91,2231.1
BosworthRue,2017,211,loc,sine,82,2230.01
BosworthRue,2018,211,loc,sine,90,2323.99
BosworthRue,2019,211,loc,sine,90,2352.88
BosworthRue,2020,211,loc,sine,100,2299.07
BosworthRue,2021,211,loc,sine,100,2358.44
BosworthRue,2022,211,loc,sine,89,2186.74
BosworthRue,2023,211,loc,sine,85,2033.15
Canal,2017,211,loc,sine,89,2191.52
Canal,2019,211,loc,sine,98,2241.06
Canal,2020,211,loc,sine,93,2361.96
Canal,2021,211,loc,sine,100,2929.37
Canal,2023,211,loc,sine,79,1916.19
DelRio,2016,211,loc,sine,79,1560.16
DelRio,2021,211,loc,sine,119,2346.9
DelRio,2022,211,loc,sine,120,2314.84
DelRio,2023,211,loc,sine,113,2076.49
ErdmanGallagher,2017,211,loc,sine,83,2080.44
ErdmanGallagher,2018,211,loc,sine,89,2128.37
ErdmanGallagher,2019,211,loc,sine,92,2199.07
ErdmanGallagher,2020,211,loc,sine,95,2239.76
ErdmanGallagher,2021,211,loc,sine,96,2301.3
ErdmanGallagher,2023,211,loc,sine,91,2149.9
LarrabeeSheppard,2016,211,loc,sine,93,2154.88
LarrabeeSheppard,2017,211,loc,sine,84,2251.63
LarrabeeSheppard,2018,211,loc,sine,86,2192.29
LarrabeeSheppard,2019,211,loc,sine,98,2354.1
LarrabeeSheppard,2020,211,loc,sine,94,2158.23
LarrabeeSheppard,2021,211,loc,sine,95,2404.62
LarrabeeSheppard,2022,211,loc,sine,97,2406.17
LarrabeeSheppard,2023,211,loc,sine,87,2076.01
Lauppe,2017,211,loc,sine,81,2019.38
Lauppe,2018,211,loc,sine,88,2055.69
Lauppe,2019,211,loc,sine,92,2111.29
Lauppe,2020,211,loc,sine,88,2011.68
Lauppe,2021,211,loc,sine,96,2201.4
Lauppe,2022,211,loc,sine,97,2191.34
Lauppe,2023,211,loc,sine,91,2124.53
Rehmann,2017,211,loc,sine,96,2225.47
Rehmann,2018,211,loc,sine,98,2143.82
Rehmann,2019,211,loc,sine,103,2214.23
Rehmann,2021,211,loc,sine,93,2205.39
Schohr,2016,211,loc,sine,91,2165.21
Schohr,2017,211,loc,sine,87,2342.84
Schohr,2018,211,loc,sine,88,2231.8
Schohr,2019,211,loc,sine,93,2352.34
Schohr,2020,211,loc,sine,95,2203.77
Schohr,2021,211,loc,sine,101,2500.47
Schohr,2022,211,loc,sine,104,2311.79
Schohr,2023,211,loc,sine,91,2141.85
Wylie,2016,211,loc,sine,94,2148.71
Wylie,2017,211,loc,sine,81,2118
Wylie,2018,211,loc,sine,90,2139
Wylie,2019,211,loc,sine,97,2263.02
Wylie,2020,211,loc,sine,95,2156.24
Wylie,2021,211,loc,sine,95,2440.74
Wylie,2022,211,loc,sine,99,2445.99
Wylie,2023,211,loc,sine,88,2020.09
BosworthRue,2016,211,stat,tri,91,2038.61
BosworthRue,2017,211,stat,tri,82,2081.8
BosworthRue,2018,211,stat,tri,90,2154.54
BosworthRue,2019,211,stat,tri,90,2278.86
BosworthRue,2020,211,stat,tri,100,2197.26
BosworthRue,2021,211,stat,tri,100,2300.22
BosworthRue,2022,211,stat,tri,89,2280.87
BosworthRue,2023,211,stat,tri,85,2012.72
Canal,2017,211,stat,tri,89,2142.69
Canal,2019,211,stat,tri,98,2264.45
Canal,2020,211,stat,tri,93,2359.53
Canal,2021,211,stat,tri,100,2365.72
Canal,2023,211,stat,tri,79,1932.79
DelRio,2016,211,stat,tri,79,1453.17
DelRio,2021,211,stat,tri,119,2334.1
DelRio,2022,211,stat,tri,120,2301.27
DelRio,2023,211,stat,tri,113,2072.97
ErdmanGallagher,2017,211,stat,tri,83,2022.69
ErdmanGallagher,2018,211,stat,tri,89,2240.37
ErdmanGallagher,2019,211,stat,tri,92,2272.72
ErdmanGallagher,2020,211,stat,tri,95,2298.2
ErdmanGallagher,2021,211,stat,tri,96,2297.53
ErdmanGallagher,2023,211,stat,tri,91,2149.15
LarrabeeSheppard,2016,211,stat,tri,93,2057.35
LarrabeeSheppard,2017,211,stat,tri,84,2172.72
LarrabeeSheppard,2018,211,stat,tri,86,2126.96
LarrabeeSheppard,2019,211,stat,tri,98,2234.09
LarrabeeSheppard,2020,211,stat,tri,94,2080.37
LarrabeeSheppard,2021,211,stat,tri,95,2364.66
LarrabeeSheppard,2022,211,stat,tri,97,2430.21
LarrabeeSheppard,2023,211,stat,tri,87,2034.45
Lauppe,2017,211,stat,tri,81,2051.19
Lauppe,2018,211,stat,tri,88,2080.2
Lauppe,2019,211,stat,tri,92,2081.71
Lauppe,2020,211,stat,tri,88,1990.01
Lauppe,2021,211,stat,tri,96,2233.24
Lauppe,2022,211,stat,tri,97,2296.52
Lauppe,2023,211,stat,tri,91,2182.49
Rehmann,2017,211,stat,tri,96,2294.14
Rehmann,2018,211,stat,tri,98,2310.71
Rehmann,2019,211,stat,tri,103,2282.45
Rehmann,2021,211,stat,tri,93,2207.26
Schohr,2016,211,stat,tri,91,2318.92
Schohr,2017,211,stat,tri,87,2478.91
Schohr,2018,211,stat,tri,88,2494.07
Schohr,2019,211,stat,tri,93,2198.87
Schohr,2020,211,stat,tri,95,2267.61
Schohr,2021,211,stat,tri,101,2481.24
Schohr,2022,211,stat,tri,104,2389.25
Schohr,2023,211,stat,tri,91,2175.65
Wylie,2016,211,stat,tri,94,2336.57
Wylie,2017,211,stat,tri,81,2115.84
Wylie,2018,211,stat,tri,90,2211.6
Wylie,2019,211,stat,tri,97,2328.84
Wylie,2020,211,stat,tri,95,2267.33
Wylie,2021,211,stat,tri,95,2393.62
Wylie,2022,211,stat,tri,99,2645.53
Wylie,2023,211,stat,tri,88,2138.24
BosworthRue,2016,211,stat,sine,91,2030.6
BosworthRue,2017,211,stat,sine,82,2066.93
BosworthRue,2018,211,stat,sine,90,2146.54
BosworthRue,2019,211,stat,sine,90,2269.57
BosworthRue,2020,211,stat,sine,100,2195.76
BosworthRue,2021,211,stat,sine,100,2291.71
BosworthRue,2022,211,stat,sine,89,2261.91
BosworthRue,2023,211,stat,sine,85,1999.89
Canal,2017,211,stat,sine,89,2137.6
Canal,2019,211,stat,sine,98,2261.18
Canal,2020,211,stat,sine,93,2349.98
Canal,2021,211,stat,sine,100,2358.87
Canal,2023,211,stat,sine,79,1925.53
DelRio,2016,211,stat,sine,79,1457.87
DelRio,2021,211,stat,sine,119,2346.9
DelRio,2022,211,stat,sine,120,2314.84
DelRio,2023,211,stat,sine,113,2076.49
ErdmanGallagher,2017,211,stat,sine,83,2009.97
ErdmanGallagher,2018,211,stat,sine,89,2228.93
ErdmanGallagher,2019,211,stat,sine,92,2264.43
ErdmanGallagher,2020,211,stat,sine,95,2289.27
ErdmanGallagher,2021,211,stat,sine,96,2284.44
ErdmanGallagher,2023,211,stat,sine,91,2135.78
LarrabeeSheppard,2016,211,stat,sine,93,2055.21
LarrabeeSheppard,2017,211,stat,sine,84,2165.34
LarrabeeSheppard,2018,211,stat,sine,86,2122.5
LarrabeeSheppard,2019,211,stat,sine,98,2233.72
LarrabeeSheppard,2020,211,stat,sine,94,2081.51
LarrabeeSheppard,2021,211,stat,sine,95,2356.77
LarrabeeSheppard,2022,211,stat,sine,97,2423.99
LarrabeeSheppard,2023,211,stat,sine,87,2031.72
Lauppe,2017,211,stat,sine,81,2036.5
Lauppe,2018,211,stat,sine,88,2072.84
Lauppe,2019,211,stat,sine,92,2076.64
Lauppe,2020,211,stat,sine,88,1986.01
Lauppe,2021,211,stat,sine,96,2223.78
Lauppe,2022,211,stat,sine,97,2288.36
Lauppe,2023,211,stat,sine,91,2169.42
Rehmann,2017,211,stat,sine,96,2284.61
Rehmann,2018,211,stat,sine,98,2304.81
Rehmann,2019,211,stat,sine,103,2277.49
Rehmann,2021,211,stat,sine,93,2198.1
Schohr,2016,211,stat,sine,91,2306.22
Schohr,2017,211,stat,sine,87,2432.67
Schohr,2018,211,stat,sine,88,2463.96
Schohr,2019,211,stat,sine,93,2195.67
Schohr,2020,211,stat,sine,95,2262.74
Schohr,2021,211,stat,sine,101,2467.77
Schohr,2022,211,stat,sine,104,2386.95
Schohr,2023,211,stat,sine,91,2168.52
Wylie,2016,211,stat,sine,94,2323.87
Wylie,2017,211,stat,sine,81,2107.41
Wylie,2018,211,stat,sine,90,2208.49
Wylie,2019,211,stat,sine,97,2324.14
Wylie,2020,211,stat,sine,95,2262.12
Wylie,2021,211,stat,sine,95,2382.28
Wylie,2022,211,stat,sine,99,2614.41
Wylie,2023,211,stat,sine,88,2130.98
BosworthRue,2016,211,prism,tri,91,2326.57
BosworthRue,2017,211,prism,tri,82,2296.58
BosworthRue,2018,211,prism,tri,90,2391.1
BosworthRue,2019,211,prism,tri,90,2456.38
BosworthRue,2020,211,prism,tri,100,2414.28
BosworthRue,2021,211,prism,tri,100,2541.66
BosworthRue,2022,211,prism,tri,89,2415.9
BosworthRue,2023,211,prism,tri,85,2142.49
Canal,2017,211,prism,tri,89,2261.99
Canal,2019,211,prism,tri,98,2274.65
Canal,2020,211,prism,tri,93,2451.72
Canal,2021,211,prism,tri,100,2372.11
Canal,2023,211,prism,tri,79,1903.25
DelRio,2016,211,prism,tri,79,1629.31
DelRio,2021,211,prism,tri,119,2549.49
DelRio,2022,211,prism,tri,120,2504.97
DelRio,2023,211,prism,tri,113,2284.38
ErdmanGallagher,2017,211,prism,tri,83,2177.02
ErdmanGallagher,2018,211,prism,tri,89,2260.22
ErdmanGallagher,2019,211,prism,tri,92,2267.6
ErdmanGallagher,2020,211,prism,tri,95,2326.45
ErdmanGallagher,2021,211,prism,tri,96,2299.14
ErdmanGallagher,2023,211,prism,tri,91,2049.49
LarrabeeSheppard,2016,211,prism,tri,93,2270.2
LarrabeeSheppard,2017,211,prism,tri,84,2343.18
LarrabeeSheppard,2018,211,prism,tri,86,2343.67
LarrabeeSheppard,2019,211,prism,tri,98,2331.36
LarrabeeSheppard,2020,211,prism,tri,94,2225.52
LarrabeeSheppard,2021,211,prism,tri,95,2477.63
LarrabeeSheppard,2022,211,prism,tri,97,2550.96
LarrabeeSheppard,2023,211,prism,tri,87,2110.55
Lauppe,2017,211,prism,tri,81,2085.35
Lauppe,2018,211,prism,tri,88,2128.39
Lauppe,2019,211,prism,tri,92,2083.79
Lauppe,2020,211,prism,tri,88,2056.82
Lauppe,2021,211,prism,tri,96,2312.55
Lauppe,2022,211,prism,tri,97,2328.34
Lauppe,2023,211,prism,tri,91,2187.39
Rehmann,2017,211,prism,tri,96,2333.04
Rehmann,2018,211,prism,tri,98,2273.19
Rehmann,2019,211,prism,tri,103,2307.54
Rehmann,2021,211,prism,tri,93,2224.71
Schohr,2016,211,prism,tri,91,2270.37
Schohr,2017,211,prism,tri,87,2495.6
Schohr,2018,211,prism,tri,88,2431.71
Schohr,2019,211,prism,tri,93,2152.67
Schohr,2020,211,prism,tri,95,2224.57
Schohr,2021,211,prism,tri,101,2504.21
Schohr,2022,211,prism,tri,104,2367.26
Schohr,2023,211,prism,tri,91,2145.72
Wylie,2016,211,prism,tri,94,2315.18
Wylie,2017,211,prism,tri,81,2290.6
Wylie,2018,211,prism,tri,90,2312.95
Wylie,2019,211,prism,tri,97,2406.94
Wylie,2020,211,prism,tri,95,2331.46
Wylie,2021,211,prism,tri,95,2529.46
Wylie,2022,211,prism,tri,99,2692.99
Wylie,2023,211,prism,tri,88,2262.5
BosworthRue,2016,211,prism,sine,91,2311.53
BosworthRue,2017,211,prism,sine,82,2276.64
BosworthRue,2018,211,prism,sine,90,2375.87
BosworthRue,2019,211,prism,sine,90,2445.54
BosworthRue,2020,211,prism,sine,100,2403.67
BosworthRue,2021,211,prism,sine,100,2523.51
BosworthRue,2022,211,prism,sine,89,2393.77
BosworthRue,2023,211,prism,sine,85,2127.53
Canal,2017,211,prism,sine,89,2250.85
Canal,2019,211,prism,sine,98,2271.82
Canal,2020,211,prism,sine,93,2443
Canal,2021,211,prism,sine,100,2364.18
Canal,2023,211,prism,sine,79,1898
DelRio,2016,211,prism,sine,79,1626.05
DelRio,2021,211,prism,sine,119,2549.26
DelRio,2022,211,prism,sine,120,2508.64
DelRio,2023,211,prism,sine,113,2279.98
ErdmanGallagher,2017,211,prism,sine,83,2160.62
ErdmanGallagher,2018,211,prism,sine,89,2248.55
ErdmanGallagher,2019,211,prism,sine,92,2260.52
ErdmanGallagher,2020,211,prism,sine,95,2315.87
ErdmanGallagher,2021,211,prism,sine,96,2288.82
ErdmanGallagher,2023,211,prism,sine,91,2039.72
LarrabeeSheppard,2016,211,prism,sine,93,2261.31
LarrabeeSheppard,2017,211,prism,sine,84,2327.41
LarrabeeSheppard,2018,211,prism,sine,86,2329.91
LarrabeeSheppard,2019,211,prism,sine,98,2328.04
LarrabeeSheppard,2020,211,prism,sine,94,2222.36
LarrabeeSheppard,2021,211,prism,sine,95,2464.86
LarrabeeSheppard,2022,211,prism,sine,97,2540.03
LarrabeeSheppard,2023,211,prism,sine,87,2105.2
Lauppe,2017,211,prism,sine,81,2072.4
Lauppe,2018,211,prism,sine,88,2121.48
Lauppe,2019,211,prism,sine,92,2080.51
Lauppe,2020,211,prism,sine,88,2050.49
Lauppe,2021,211,prism,sine,96,2301.6
Lauppe,2022,211,prism,sine,97,2319.45
Lauppe,2023,211,prism,sine,91,2175.15
Rehmann,2017,211,prism,sine,96,2323.67
Rehmann,2018,211,prism,sine,98,2269.18
Rehmann,2019,211,prism,sine,103,2303.07
Rehmann,2021,211,prism,sine,93,2217.5
Schohr,2016,211,prism,sine,91,2262.63
Schohr,2017,211,prism,sine,87,2477.89
Schohr,2018,211,prism,sine,88,2415.62
Schohr,2019,211,prism,sine,93,2151.75
Schohr,2020,211,prism,sine,95,2221.78
Schohr,2021,211,prism,sine,101,2493.63
Schohr,2022,211,prism,sine,104,2366.08
Schohr,2023,211,prism,sine,91,2140.73
Wylie,2016,211,prism,sine,94,2300.29
Wylie,2017,211,prism,sine,81,2270.07
Wylie,2018,211,prism,sine,90,2300
Wylie,2019,211,prism,sine,97,2399.28
Wylie,2020,211,prism,sine,95,2321.71
Wylie,2021,211,prism,sine,95,2506.52
Wylie,2022,211,prism,sine,99,2664.09
Wylie,2023,211,prism,sine,88,2250.97
Schohr,2016,401,loc,tri,110,2611.32
Schohr,2017,401,loc,tri,108,2906.45
Wylie,2016,401,loc,tri,112,2576.56
Wylie,2017,401,loc,tri,104,2707.6
Schohr,2016,401,loc,sine,110,2609.83
Schohr,2017,401,loc,sine,108,2899.96
Wylie,2016,401,loc,sine,112,2576.33
Wylie,2017,401,loc,sine,104,2704.42
Schohr,2016,401,stat,tri,110,2845.56
Schohr,2017,401,stat,tri,108,3011.05
Wylie,2016,401,stat,tri,112,2839.51
Wylie,2017,401,stat,tri,104,2723.97
Schohr,2016,401,stat,sine,110,2831.73
Schohr,2017,401,stat,sine,108,2951.46
Wylie,2016,401,stat,sine,112,2825.68
Wylie,2017,401,stat,sine,104,2712
Schohr,2016,401,prism,tri,110,2792.52
Schohr,2017,401,prism,tri,108,3115.09
Wylie,2016,401,prism,tri,112,2812.08
Wylie,2017,401,prism,tri,104,2953.47
Schohr,2016,401,prism,sine,110,2784.21
Schohr,2017,401,prism,sine,108,3090.2
Wylie,2016,401,prism,sine,112,2794.33
Wylie,2017,401,prism,sine,104,2927.95